item_id,category,reason
minecraft:acacia_boat,non_food,no_food_no_drink
minecraft:acacia_button,non_food,no_food_no_drink
farmersdelight:acacia_cabinet,non_food,no_food_no_drink
minecraft:acacia_chest_boat,non_food,no_food_no_drink
minecraft:acacia_door,non_food,no_food_no_drink
minecraft:acacia_fence,non_food,no_food_no_drink
minecraft:acacia_fence_gate,non_food,no_food_no_drink
minecraft:acacia_hanging_sign,non_food,no_food_no_drink
minecraft:acacia_leaves,non_food,no_food_no_drink
minecraft:acacia_log,non_food,no_food_no_drink
minecraft:acacia_planks,non_food,no_food_no_drink
minecraft:acacia_pressure_plate,non_food,no_food_no_drink
minecraft:acacia_sapling,non_food,no_food_no_drink
minecraft:acacia_sign,non_food,no_food_no_drink
minecraft:acacia_slab,non_food,no_food_no_drink
minecraft:acacia_stairs,non_food,no_food_no_drink
minecraft:acacia_trapdoor,non_food,no_food_no_drink
create:acacia_window,non_food,no_food_no_drink
create:acacia_window_pane,non_food,no_food_no_drink
minecraft:acacia_wood,non_food,no_food_no_drink
minecraft:activator_rail,non_food,no_food_no_drink
create:adjustable_chain_gearshift,non_food,no_food_no_drink
minecraft:air,non_food,no_food_no_drink
reliquary:alkahestry_altar,non_food,no_food_no_drink
reliquary:alkahestry_tome,non_food,no_food_no_drink
minecraft:allay_spawn_egg,non_food,no_food_no_drink
minecraft:allium,non_food,no_food_no_drink
endersdelight:amberveil,non_food,no_food_no_drink
endersdelight:amberveil_stew,stew,word_stew
endersdelight:amberveiled_curry,stew,word_stew
minecraft:amethyst_block,non_food,no_food_no_drink
minecraft:amethyst_cluster,non_food,no_food_no_drink
minecraft:amethyst_shard,non_food,no_food_no_drink
create:analog_lever,non_food,no_food_no_drink
minecraft:ancient_debris,non_food,no_food_no_drink
minecraft:andesite,non_food,no_food_no_drink
create:andesite_alloy,non_food,no_food_no_drink
create:andesite_alloy_block,non_food,no_food_no_drink
create:andesite_bars,non_food,no_food_no_drink
create:andesite_casing,non_food,no_food_no_drink
create:andesite_door,non_food,no_food_no_drink
create:andesite_encased_cogwheel,non_food,no_food_no_drink
create:andesite_encased_large_cogwheel,non_food,no_food_no_drink
create:andesite_encased_shaft,non_food,no_food_no_drink
create:andesite_funnel,non_food,no_food_no_drink
create:andesite_ladder,non_food,no_food_no_drink
create:andesite_pillar,non_food,no_food_no_drink
create:andesite_scaffolding,non_food,no_food_no_drink
minecraft:andesite_slab,non_food,no_food_no_drink
minecraft:andesite_stairs,non_food,no_food_no_drink
create:andesite_table_cloth,non_food,no_food_no_drink
create:andesite_tunnel,non_food,no_food_no_drink
minecraft:andesite_wall,non_food,no_food_no_drink
reliquary:angelheart_vial,non_food,no_food_no_drink
reliquary:angelic_feather,non_food,no_food_no_drink
minecraft:angler_pottery_sherd,non_food,no_food_no_drink
minecraft:anvil,non_food,no_food_no_drink
reliquary:aphrodite_potion,non_food,no_food_no_drink
reliquary:apothecary_cauldron,non_food,no_food_no_drink
reliquary:apothecary_mortar,non_food,no_food_no_drink
minecraft:apple,fresh_produce,word_fresh
farmersdelight:apple_cider,drink_simple,word_tea_milk_juice
brewinandchewin:apple_jelly,sweet,word_jam
farmersdelight:apple_pie,non_food,no_food_no_drink
farmersdelight:apple_pie_slice,baked_sweet,manual
minecraft:archer_pottery_sherd,non_food,no_food_no_drink
minecraft:armor_stand,non_food,no_food_no_drink
minecraft:arms_up_pottery_sherd,non_food,no_food_no_drink
minecraft:arrow,non_food,no_food_no_drink
miners_delight:arthropod,meat_raw,tag_raw_meat
create:asurine,non_food,no_food_no_drink
create:asurine_pillar,non_food,no_food_no_drink
create:attribute_filter,non_food,no_food_no_drink
minecraft:axolotl_bucket,non_food,no_food_no_drink
minecraft:axolotl_spawn_egg,non_food,no_food_no_drink
minecraft:azalea,non_food,no_food_no_drink
minecraft:azalea_leaves,non_food,no_food_no_drink
minecraft:azure_bluet,non_food,no_food_no_drink
farm_and_charm:bacon,meat_raw,tag_raw_meat
farmersdelight:bacon,meat_raw,tag_raw_meat
farmersdelight:bacon_and_eggs,meal,word_meat_dish
farmersdelight:bacon_sandwich,meal,word_meat_dish
farm_and_charm:bacon_with_eggs,meat_cooked,tag_cooked_meat
miners_delight:baked_cave_carrot,meal,word_meal
farmersdelight:baked_cod_stew,stew,tag_stew
miners_delight:baked_cod_stew_cup,stew,word_stew
farm_and_charm:baked_lamb_ham,meat_cooked,tag_cooked_meat
minecraft:baked_potato,meal,word_meal
miners_delight:baked_spider_leg,meat_cooked,manual
miners_delight:baked_squid,seafood,tag_raw_fish
oceansdelight:baked_tentacle_on_a_stick,meal,word_meal
miners_delight:baked_tentacles,meal,word_meal
minecraft:bamboo,non_food,no_food_no_drink
farmersdelight:bamboo_basket,non_food,no_food_no_drink
minecraft:bamboo_block,non_food,no_food_no_drink
minecraft:bamboo_button,non_food,no_food_no_drink
farmersdelight:bamboo_cabinet,non_food,no_food_no_drink
minecraft:bamboo_chest_raft,non_food,no_food_no_drink
minecraft:bamboo_door,non_food,no_food_no_drink
minecraft:bamboo_fence,non_food,no_food_no_drink
minecraft:bamboo_fence_gate,non_food,no_food_no_drink
minecraft:bamboo_hanging_sign,non_food,no_food_no_drink
minecraft:bamboo_mosaic,non_food,no_food_no_drink
minecraft:bamboo_mosaic_slab,non_food,no_food_no_drink
minecraft:bamboo_mosaic_stairs,non_food,no_food_no_drink
minecraft:bamboo_planks,non_food,no_food_no_drink
minecraft:bamboo_pressure_plate,non_food,no_food_no_drink
minecraft:bamboo_raft,non_food,no_food_no_drink
minecraft:bamboo_sign,non_food,no_food_no_drink
minecraft:bamboo_slab,non_food,no_food_no_drink
minecraft:bamboo_stairs,non_food,no_food_no_drink
minecraft:bamboo_trapdoor,non_food,no_food_no_drink
create:bamboo_window,non_food,no_food_no_drink
create:bamboo_window_pane,non_food,no_food_no_drink
brewery:bar_counter,non_food,no_food_no_drink
create:bar_of_chocolate,sweet,word_sweet
farmersdelight:barbecue_stick,meal,ids_meal_more
farm_and_charm:barley,non_food,no_food_no_drink
farm_and_charm:barley_ball,non_food,no_food_no_drink
farm_and_charm:barley_patties_with_potatoes,meal,word_meal
farm_and_charm:barley_seeds,non_food,no_food_no_drink
farm_and_charm:barley_soup,soup,word_soup
minecraft:barrel,non_food,no_food_no_drink
reliquary:barrel_assembly,non_food,no_food_no_drink
brewery:barrel_main,non_food,no_food_no_drink
minecraft:barrier,non_food,no_food_no_drink
minecraft:basalt,non_food,no_food_no_drink
create:basin,non_food,no_food_no_drink
miners_delight:bat_cookie,baked_sweet,word_baked_sweet
miners_delight:bat_rolls,meal,ids2_meal
miners_delight:bat_soup,soup,word_soup
miners_delight:bat_soup_cup,soup,word_soup
minecraft:bat_spawn_egg,non_food,no_food_no_drink
miners_delight:bat_wing,meat_raw,ids2_meat_raw
reliquary:bat_wing,non_food,no_food_no_drink
minecraft:beacon,non_food,no_food_no_drink
minecraft:bedrock,non_food,no_food_no_drink
minecraft:bee_nest,non_food,no_food_no_drink
minecraft:bee_spawn_egg,non_food,no_food_no_drink
minecraft:beef,meat_raw,tag_raw_meat
farmersdelight:beef_patty,meat_cooked,tag_cooked_meat
farm_and_charm:beef_patty_with_vegetables,meat_cooked,tag_cooked_meat
farmersdelight:beef_stew,stew,tag_stew
miners_delight:beef_stew_cup,stew,word_stew
minecraft:beehive,non_food,no_food_no_drink
brewinandchewin:beer,alcohol,tag_alcohol
brewery:beer_barley,alcohol,tag_alcohol
brewery:beer_elemental_spawn_egg,non_food,no_food_no_drink
brewery:beer_haley,alcohol,tag_alcohol
brewery:beer_hops,alcohol,tag_alcohol
brewery:beer_mug,non_food,no_food_no_drink
brewery:beer_nettle,alcohol,tag_alcohol
brewery:beer_oat,alcohol,tag_alcohol
brewery:beer_wheat,alcohol,tag_alcohol
minecraft:beetroot,fresh_produce,tag_fruit_veg
farm_and_charm:beetroot_bag,non_food,no_food_no_drink
farmersdelight:beetroot_crate,non_food,no_food_no_drink
minecraft:beetroot_seeds,non_food,no_food_no_drink
minecraft:beetroot_soup,soup,word_soup
miners_delight:beetroot_soup_cup,soup,word_soup
minecraft:bell,non_food,no_food_no_drink
create:belt_connector,non_food,no_food_no_drink
brewery:bench,non_food,no_food_no_drink
minecraft:big_dripleaf,non_food,no_food_no_drink
minecraft:birch_boat,non_food,no_food_no_drink
minecraft:birch_button,non_food,no_food_no_drink
farmersdelight:birch_cabinet,non_food,no_food_no_drink
minecraft:birch_chest_boat,non_food,no_food_no_drink
minecraft:birch_door,non_food,no_food_no_drink
minecraft:birch_fence,non_food,no_food_no_drink
minecraft:birch_fence_gate,non_food,no_food_no_drink
minecraft:birch_hanging_sign,non_food,no_food_no_drink
minecraft:birch_leaves,non_food,no_food_no_drink
minecraft:birch_log,non_food,no_food_no_drink
minecraft:birch_planks,non_food,no_food_no_drink
minecraft:birch_pressure_plate,non_food,no_food_no_drink
minecraft:birch_sapling,non_food,no_food_no_drink
minecraft:birch_sign,non_food,no_food_no_drink
minecraft:birch_slab,non_food,no_food_no_drink
minecraft:birch_stairs,non_food,no_food_no_drink
minecraft:birch_trapdoor,non_food,no_food_no_drink
create:birch_window,non_food,no_food_no_drink
create:birch_window_pane,non_food,no_food_no_drink
minecraft:birch_wood,non_food,no_food_no_drink
minecraft:black_banner,non_food,no_food_no_drink
minecraft:black_bed,non_food,no_food_no_drink
minecraft:black_candle,non_food,no_food_no_drink
farmersdelight:black_canvas_sign,non_food,no_food_no_drink
minecraft:black_carpet,non_food,no_food_no_drink
minecraft:black_concrete,non_food,no_food_no_drink
minecraft:black_concrete_powder,non_food,no_food_no_drink
minecraft:black_dye,non_food,no_food_no_drink
minecraft:black_glazed_terracotta,non_food,no_food_no_drink
farmersdelight:black_hanging_canvas_sign,non_food,no_food_no_drink
create:black_postbox,non_food,no_food_no_drink
create:black_seat,non_food,no_food_no_drink
minecraft:black_shulker_box,non_food,no_food_no_drink
minecraft:black_stained_glass,non_food,no_food_no_drink
minecraft:black_stained_glass_pane,non_food,no_food_no_drink
create:black_table_cloth,non_food,no_food_no_drink
herbalbrews:black_tea,drink_simple,word_tea_milk_juice
herbalbrews:black_tea_leaf_block,non_food,no_food_no_drink
minecraft:black_terracotta,non_food,no_food_no_drink
create:black_toolbox,non_food,no_food_no_drink
create:black_valve_handle,non_food,no_food_no_drink
minecraft:black_wool,non_food,no_food_no_drink
minecraft:blackstone,non_food,no_food_no_drink
minecraft:blackstone_slab,non_food,no_food_no_drink
minecraft:blackstone_stairs,non_food,no_food_no_drink
minecraft:blackstone_wall,non_food,no_food_no_drink
minecraft:blade_pottery_sherd,non_food,no_food_no_drink
minecraft:blast_furnace,non_food,no_food_no_drink
create:blaze_burner,non_food,no_food_no_drink
create:blaze_cake,non_food,no_food_no_drink
create:blaze_cake_base,non_food,no_food_no_drink
minecraft:blaze_powder,non_food,no_food_no_drink
minecraft:blaze_rod,non_food,no_food_no_drink
minecraft:blaze_spawn_egg,non_food,no_food_no_drink
brewinandchewin:bloody_mary,alcohol,tag_alcohol
minecraft:blue_banner,non_food,no_food_no_drink
minecraft:blue_bed,non_food,no_food_no_drink
minecraft:blue_candle,non_food,no_food_no_drink
farmersdelight:blue_canvas_sign,non_food,no_food_no_drink
minecraft:blue_carpet,non_food,no_food_no_drink
minecraft:blue_concrete,non_food,no_food_no_drink
minecraft:blue_concrete_powder,non_food,no_food_no_drink
minecraft:blue_dye,non_food,no_food_no_drink
minecraft:blue_glazed_terracotta,non_food,no_food_no_drink
farmersdelight:blue_hanging_canvas_sign,non_food,no_food_no_drink
minecraft:blue_ice,non_food,no_food_no_drink
minecraft:blue_orchid,non_food,no_food_no_drink
create:blue_postbox,non_food,no_food_no_drink
create:blue_seat,non_food,no_food_no_drink
minecraft:blue_shulker_box,non_food,no_food_no_drink
minecraft:blue_stained_glass,non_food,no_food_no_drink
minecraft:blue_stained_glass_pane,non_food,no_food_no_drink
create:blue_table_cloth,non_food,no_food_no_drink
minecraft:blue_terracotta,non_food,no_food_no_drink
create:blue_toolbox,non_food,no_food_no_drink
create:blue_valve_handle,non_food,no_food_no_drink
minecraft:blue_wool,non_food,no_food_no_drink
cold_sweat:boiler,non_food,no_food_no_drink
minecraft:bone,non_food,no_food_no_drink
minecraft:bone_block,non_food,no_food_no_drink
farmersdelight:bone_broth,soup,manual
miners_delight:bone_broth_cup,soup,ids2_soup
minecraft:bone_meal,non_food,no_food_no_drink
minecraft:book,non_food,no_food_no_drink
minecraft:bookshelf,non_food,no_food_no_drink
create:bound_cardboard_block,non_food,no_food_no_drink
minecraft:bow,non_food,no_food_no_drink
minecraft:bowl,non_food,no_food_no_drink
oceansdelight:bowl_of_guardian_soup,soup,word_soup
miners_delight:bowl_of_stuffed_squid,meal,word_meat_dish
minecraft:brain_coral,non_food,no_food_no_drink
minecraft:brain_coral_block,non_food,no_food_no_drink
minecraft:brain_coral_fan,non_food,no_food_no_drink
oceansdelight:braised_sea_pickle,salty,word_salty
create:brass_bars,non_food,no_food_no_drink
create:brass_block,non_food,no_food_no_drink
create:brass_casing,non_food,no_food_no_drink
create:brass_door,non_food,no_food_no_drink
create:brass_encased_cogwheel,non_food,no_food_no_drink
create:brass_encased_large_cogwheel,non_food,no_food_no_drink
create:brass_encased_shaft,non_food,no_food_no_drink
create:brass_funnel,non_food,no_food_no_drink
create:brass_hand,non_food,no_food_no_drink
create:brass_ingot,non_food,no_food_no_drink
create:brass_ladder,non_food,no_food_no_drink
create:brass_nugget,non_food,no_food_no_drink
create:brass_scaffolding,non_food,no_food_no_drink
create:brass_sheet,non_food,no_food_no_drink
create:brass_table_cloth,non_food,no_food_no_drink
create:brass_tunnel,non_food,no_food_no_drink
minecraft:bread,dry,tag_bread
brewery:breathalyzer,non_food,no_food_no_drink
minecraft:brewer_pottery_sherd,non_food,no_food_no_drink
brewery:brewery_banner,non_food,no_food_no_drink
brewery:brewfest_blouse,non_food,no_food_no_drink
brewery:brewfest_boots,non_food,no_food_no_drink
brewery:brewfest_dress,non_food,no_food_no_drink
brewery:brewfest_hat,non_food,no_food_no_drink
brewery:brewfest_hat_red,non_food,no_food_no_drink
brewery:brewfest_regalia,non_food,no_food_no_drink
brewery:brewfest_shoes,non_food,no_food_no_drink
brewery:brewfest_trousers,non_food,no_food_no_drink
minecraft:brewing_stand,non_food,no_food_no_drink
minecraft:brick,non_food,no_food_no_drink
minecraft:brick_slab,non_food,no_food_no_drink
minecraft:brick_stairs,non_food,no_food_no_drink
minecraft:brick_wall,non_food,no_food_no_drink
minecraft:bricks,non_food,no_food_no_drink
minecraft:brown_banner,non_food,no_food_no_drink
minecraft:brown_bed,non_food,no_food_no_drink
minecraft:brown_candle,non_food,no_food_no_drink
farmersdelight:brown_canvas_sign,non_food,no_food_no_drink
minecraft:brown_carpet,non_food,no_food_no_drink
minecraft:brown_concrete,non_food,no_food_no_drink
minecraft:brown_concrete_powder,non_food,no_food_no_drink
minecraft:brown_dye,non_food,no_food_no_drink
minecraft:brown_glazed_terracotta,non_food,no_food_no_drink
farmersdelight:brown_hanging_canvas_sign,non_food,no_food_no_drink
minecraft:brown_mushroom,non_food,no_food_no_drink
minecraft:brown_mushroom_block,non_food,no_food_no_drink
farmersdelight:brown_mushroom_colony,non_food,no_food_no_drink
create:brown_postbox,non_food,no_food_no_drink
create:brown_seat,non_food,no_food_no_drink
minecraft:brown_shulker_box,non_food,no_food_no_drink
minecraft:brown_stained_glass,non_food,no_food_no_drink
minecraft:brown_stained_glass_pane,non_food,no_food_no_drink
create:brown_table_cloth,non_food,no_food_no_drink
minecraft:brown_terracotta,non_food,no_food_no_drink
create:brown_toolbox,non_food,no_food_no_drink
create:brown_valve_handle,non_food,no_food_no_drink
minecraft:brown_wool,non_food,no_food_no_drink
minecraft:brush,non_food,no_food_no_drink
minecraft:bubble_coral,non_food,no_food_no_drink
minecraft:bubble_coral_block,non_food,no_food_no_drink
minecraft:bubble_coral_fan,non_food,no_food_no_drink
minecraft:bucket,non_food,no_food_no_drink
minecraft:budding_amethyst,non_food,no_food_no_drink
create:builders_tea,drink_simple,word_tea_milk_juice
reliquary:bullets/blaze_bullet,non_food,no_food_no_drink
reliquary:bullets/buster_bullet,non_food,no_food_no_drink
reliquary:bullets/concussive_bullet,non_food,no_food_no_drink
reliquary:bullets/empty_bullet,non_food,no_food_no_drink
reliquary:bullets/ender_bullet,non_food,no_food_no_drink
reliquary:bullets/exorcism_bullet,non_food,no_food_no_drink
reliquary:bullets/neutral_bullet,non_food,no_food_no_drink
reliquary:bullets/sand_bullet,non_food,no_food_no_drink
reliquary:bullets/seeker_bullet,non_food,no_food_no_drink
reliquary:bullets/storm_bullet,non_food,no_food_no_drink
minecraft:bundle,non_food,no_food_no_drink
minecraft:burn_pottery_sherd,non_food,no_food_no_drink
farm_and_charm:butter,ingredient,word_ingredient
farmersdelight:cabbage,fresh_produce,word_fresh
farmersdelight:cabbage_crate,non_food,no_food_no_drink
farmersdelight:cabbage_leaf,fresh_produce,word_fresh
farmersdelight:cabbage_rolls,meal,ids_meal_more
farmersdelight:cabbage_seeds,non_food,no_food_no_drink
oceansdelight:cabbage_wrapped_elder_guardian,meal,food_with_meal_buff
brewery:cabinet,non_food,no_food_no_drink
minecraft:cactus,non_food,no_food_no_drink
minecraft:cake,non_food,no_food_no_drink
farmersdelight:cake_slice,baked_sweet,manual
minecraft:calcite,non_food,no_food_no_drink
create:calcite_pillar,non_food,no_food_no_drink
minecraft:calibrated_sculk_sensor,non_food,no_food_no_drink
minecraft:camel_spawn_egg,non_food,no_food_no_drink
minecraft:campfire,non_food,no_food_no_drink
minecraft:candle,non_food,no_food_no_drink
farmersdelight:canvas,non_food,no_food_no_drink
farmersdelight:canvas_rug,non_food,no_food_no_drink
farmersdelight:canvas_sign,non_food,no_food_no_drink
create:cardboard,non_food,no_food_no_drink
create:cardboard_block,non_food,no_food_no_drink
create:cardboard_boots,non_food,no_food_no_drink
create:cardboard_chestplate,non_food,no_food_no_drink
create:cardboard_helmet,non_food,no_food_no_drink
create:cardboard_leggings,non_food,no_food_no_drink
create:cardboard_package_10x12,non_food,no_food_no_drink
create:cardboard_package_10x8,non_food,no_food_no_drink
create:cardboard_package_12x10,non_food,no_food_no_drink
create:cardboard_package_12x12,non_food,no_food_no_drink
create:cardboard_sword,non_food,no_food_no_drink
minecraft:carrot,fresh_produce,tag_fruit_veg
farm_and_charm:carrot_bag,non_food,no_food_no_drink
farmersdelight:carrot_crate,non_food,no_food_no_drink
minecraft:carrot_on_a_stick,non_food,no_food_no_drink
create:cart_assembler,non_food,no_food_no_drink
minecraft:cartography_table,non_food,no_food_no_drink
minecraft:carved_pumpkin,non_food,no_food_no_drink
farm_and_charm:cat_food,non_food,no_food_no_drink
farm_and_charm:cat_food_bag,non_food,no_food_no_drink
minecraft:cat_spawn_egg,non_food,no_food_no_drink
reliquary:catalyzing_gland,non_food,no_food_no_drink
herbalbrews:cauldron,non_food,no_food_no_drink
minecraft:cauldron,non_food,no_food_no_drink
miners_delight:cave_carrot,fresh_produce,tag_fruit_veg
miners_delight:cave_carrot_crate,non_food,no_food_no_drink
miners_delight:cave_hamburger,meal,ids2_meal
miners_delight:cave_soup,soup,word_soup
miners_delight:cave_soup_cup,soup,word_soup
minecraft:cave_spider_spawn_egg,non_food,no_food_no_drink
minecraft:chain,non_food,no_food_no_drink
minecraft:chain_command_block,non_food,no_food_no_drink
create:chain_conveyor,non_food,no_food_no_drink
minecraft:chainmail_boots,non_food,no_food_no_drink
minecraft:chainmail_chestplate,non_food,no_food_no_drink
minecraft:chainmail_helmet,non_food,no_food_no_drink
minecraft:chainmail_leggings,non_food,no_food_no_drink
cold_sweat:chameleon_boots,non_food,no_food_no_drink
cold_sweat:chameleon_chestplate,non_food,no_food_no_drink
cold_sweat:chameleon_helmet,non_food,no_food_no_drink
cold_sweat:chameleon_leggings,non_food,no_food_no_drink
cold_sweat:chameleon_molt,non_food,no_food_no_drink
cold_sweat:chameleon_spawn_egg,non_food,no_food_no_drink
minecraft:charcoal,non_food,no_food_no_drink
brewinandchewin:cheesy_pasta,meal,word_meal
reliquary:chelicerae,non_food,no_food_no_drink
minecraft:cherry_boat,non_food,no_food_no_drink
minecraft:cherry_button,non_food,no_food_no_drink
farmersdelight:cherry_cabinet,non_food,no_food_no_drink
minecraft:cherry_chest_boat,non_food,no_food_no_drink
minecraft:cherry_door,non_food,no_food_no_drink
minecraft:cherry_fence,non_food,no_food_no_drink
minecraft:cherry_fence_gate,non_food,no_food_no_drink
minecraft:cherry_hanging_sign,non_food,no_food_no_drink
minecraft:cherry_leaves,non_food,no_food_no_drink
minecraft:cherry_log,non_food,no_food_no_drink
minecraft:cherry_planks,non_food,no_food_no_drink
minecraft:cherry_pressure_plate,non_food,no_food_no_drink
minecraft:cherry_sapling,non_food,no_food_no_drink
minecraft:cherry_sign,non_food,no_food_no_drink
minecraft:cherry_slab,non_food,no_food_no_drink
minecraft:cherry_stairs,non_food,no_food_no_drink
minecraft:cherry_trapdoor,non_food,no_food_no_drink
create:cherry_window,non_food,no_food_no_drink
create:cherry_window_pane,non_food,no_food_no_drink
minecraft:cherry_wood,non_food,no_food_no_drink
minecraft:chest,non_food,no_food_no_drink
minecraft:chest_minecart,non_food,no_food_no_drink
create:chest_minecart_contraption,non_food,no_food_no_drink
minecraft:chicken,meat_raw,tag_raw_meat
farm_and_charm:chicken_coop,non_food,no_food_no_drink
endersdelight:chicken_curry,stew,word_stew
farmersdelight:chicken_cuts,meat_raw,tag_raw_meat
farm_and_charm:chicken_feed,ingredient,ids_ingredient
farm_and_charm:chicken_nest,non_food,no_food_no_drink
farm_and_charm:chicken_parts,meat_raw,tag_raw_meat
farmersdelight:chicken_sandwich,meal,word_meat_dish
farmersdelight:chicken_soup,soup,word_soup
miners_delight:chicken_soup_cup,soup,word_soup
minecraft:chicken_spawn_egg,non_food,no_food_no_drink
farm_and_charm:chicken_wrapped_in_bacon,meat_cooked,tag_cooked_meat
minecraft:chipped_anvil,non_food,no_food_no_drink
minecraft:chiseled_bookshelf,non_food,no_food_no_drink
minecraft:chiseled_deepslate,non_food,no_food_no_drink
minecraft:chiseled_nether_bricks,non_food,no_food_no_drink
minecraft:chiseled_polished_blackstone,non_food,no_food_no_drink
minecraft:chiseled_quartz_block,non_food,no_food_no_drink
minecraft:chiseled_red_sandstone,non_food,no_food_no_drink
minecraft:chiseled_sandstone,non_food,no_food_no_drink
minecraft:chiseled_stone_bricks,non_food,no_food_no_drink
create:chocolate_bucket,non_food,no_food_no_drink
create:chocolate_glazed_berries,fresh_produce,manual
farmersdelight:chocolate_pie,non_food,no_food_no_drink
farmersdelight:chocolate_pie_slice,baked_sweet,manual
endersdelight:chorus_crate,non_food,no_food_no_drink
minecraft:chorus_flower,non_food,no_food_no_drink
minecraft:chorus_fruit,fresh_produce,word_fresh
endersdelight:chorus_juice,ingredient,ids_ingredient
endersdelight:chorus_pie,non_food,no_food_no_drink
endersdelight:chorus_pie_slice,baked_sweet,word_baked_sweet
minecraft:chorus_plant,non_food,no_food_no_drink
endersdelight:chorus_stew,stew,manual
endersdelight:chorusflame,non_food,no_food_no_drink
create:chromatic_compound,non_food,no_food_no_drink
create:chute,non_food,no_food_no_drink
create:cinder_flour,non_food,no_food_no_drink
minecraft:clay,non_food,no_food_no_drink
minecraft:clay_ball,non_food,no_food_no_drink
blue_droplets:clay_bowl,non_food,no_food_no_drink
create:clipboard,non_food,no_food_no_drink
minecraft:clock,non_food,no_food_no_drink
create:clockwork_bearing,non_food,no_food_no_drink
create:clutch,non_food,no_food_no_drink
minecraft:coal,non_food,no_food_no_drink
minecraft:coal_block,non_food,no_food_no_drink
minecraft:coal_ore,non_food,no_food_no_drink
minecraft:coarse_dirt,non_food,no_food_no_drink
minecraft:coast_armor_trim_smithing_template,non_food,no_food_no_drink
brewinandchewin:coaster,non_food,no_food_no_drink
minecraft:cobbled_deepslate,non_food,no_food_no_drink
minecraft:cobbled_deepslate_slab,non_food,no_food_no_drink
minecraft:cobbled_deepslate_stairs,non_food,no_food_no_drink
minecraft:cobbled_deepslate_wall,non_food,no_food_no_drink
minecraft:cobblestone,non_food,no_food_no_drink
minecraft:cobblestone_slab,non_food,no_food_no_drink
minecraft:cobblestone_stairs,non_food,no_food_no_drink
minecraft:cobblestone_wall,non_food,no_food_no_drink
minecraft:cobweb,non_food,no_food_no_drink
minecraft:cocoa_beans,non_food,no_food_no_drink
brewinandchewin:cocoa_fudge,sweet,word_sweet
minecraft:cod,seafood,tag_raw_fish
minecraft:cod_bucket,non_food,no_food_no_drink
farmersdelight:cod_roll,meal,word_meat_dish
farmersdelight:cod_slice,seafood,tag_raw_fish
minecraft:cod_spawn_egg,non_food,no_food_no_drink
herbalbrews:coffee,drink_crafted,word_drink_crafted
herbalbrews:coffee_beans,ingredient,ids_ingredient
create:cogwheel,non_food,no_food_no_drink
minecraft:command_block,non_food,no_food_no_drink
minecraft:command_block_minecart,non_food,no_food_no_drink
minecraft:comparator,non_food,no_food_no_drink
minecraft:compass,non_food,no_food_no_drink
farm_and_charm:compost,non_food,no_food_no_drink
minecraft:composter,non_food,no_food_no_drink
minecraft:conduit,non_food,no_food_no_drink
create:content_observer,non_food,no_food_no_drink
create:contraption_controls,non_food,no_food_no_drink
create:controller_rail,non_food,no_food_no_drink
create:controls,non_food,no_food_no_drink
miners_delight:cooked_arthropod,meat_cooked,manual
farmersdelight:cooked_bacon,meat_cooked,tag_cooked_meat
minecraft:cooked_beef,meat_cooked,tag_cooked_meat
minecraft:cooked_chicken,meat_cooked,tag_cooked_meat
farmersdelight:cooked_chicken_cuts,meat_cooked,tag_cooked_meat
farm_and_charm:cooked_cod,seafood,tag_raw_fish
minecraft:cooked_cod,seafood,tag_raw_fish
farmersdelight:cooked_cod_slice,seafood,tag_raw_fish
oceansdelight:cooked_elder_guardian_slice,seafood,word_seafood
oceansdelight:cooked_guardian_tail,seafood,word_seafood
minecraft:cooked_mutton,meat_cooked,tag_cooked_meat
farmersdelight:cooked_mutton_chops,meat_cooked,tag_cooked_meat
minecraft:cooked_porkchop,meat_cooked,tag_cooked_meat
minecraft:cooked_rabbit,meat_cooked,word_meat_cooked_by_method
farmersdelight:cooked_rice,meal,word_meal
farm_and_charm:cooked_salmon,seafood,tag_raw_fish
minecraft:cooked_salmon,seafood,tag_raw_fish
farmersdelight:cooked_salmon_slice,seafood,tag_raw_fish
oceansdelight:cooked_stuffed_cod,meal,word_meat_dish
minecraft:cookie,baked_sweet,manual
farm_and_charm:cooking_pot,non_food,no_food_no_drink
farmersdelight:cooking_pot,non_food,no_food_no_drink
create:copper_backtank,non_food,no_food_no_drink
create:copper_backtank_placeable,non_food,no_food_no_drink
create:copper_bars,non_food,no_food_no_drink
minecraft:copper_block,non_food,no_food_no_drink
brewery:copper_brewingstation,non_food,no_food_no_drink
miners_delight:copper_carrot,rotten_or_poison,effect_poison
create:copper_casing,non_food,no_food_no_drink
miners_delight:copper_cup,non_food,no_food_no_drink
create:copper_diving_boots,non_food,no_food_no_drink
create:copper_diving_helmet,non_food,no_food_no_drink
create:copper_door,non_food,no_food_no_drink
minecraft:copper_ingot,non_food,no_food_no_drink
create:copper_ladder,non_food,no_food_no_drink
create:copper_nugget,non_food,no_food_no_drink
minecraft:copper_ore,non_food,no_food_no_drink
miners_delight:copper_pot,non_food,no_food_no_drink
create:copper_scaffolding,non_food,no_food_no_drink
create:copper_sheet,non_food,no_food_no_drink
create:copper_shingle_slab,non_food,no_food_no_drink
create:copper_shingle_stairs,non_food,no_food_no_drink
create:copper_shingles,non_food,no_food_no_drink
create:copper_table_cloth,non_food,no_food_no_drink
herbalbrews:copper_tea_kettle,non_food,no_food_no_drink
create:copper_tile_slab,non_food,no_food_no_drink
create:copper_tile_stairs,non_food,no_food_no_drink
create:copper_tiles,non_food,no_food_no_drink
create:copper_valve_handle,non_food,no_food_no_drink
create:copycat_panel,non_food,no_food_no_drink
create:copycat_step,non_food,no_food_no_drink
farm_and_charm:corn,fresh_produce,tag_fruit_veg
farm_and_charm:corn_bag,non_food,no_food_no_drink
farm_and_charm:corn_grits,dry,ids_dry
minecraft:cornflower,non_food,no_food_no_drink
minecraft:cow_spawn_egg,non_food,no_food_no_drink
minecraft:cracked_deepslate_bricks,non_food,no_food_no_drink
minecraft:cracked_deepslate_tiles,non_food,no_food_no_drink
minecraft:cracked_nether_bricks,non_food,no_food_no_drink
minecraft:cracked_polished_blackstone_bricks,non_food,no_food_no_drink
minecraft:cracked_stone_bricks,non_food,no_food_no_drink
create:crafter_slot_cover,non_food,no_food_no_drink
create:crafting_blueprint,non_food,no_food_no_drink
farm_and_charm:crafting_bowl,non_food,no_food_no_drink
minecraft:crafting_table,non_food,no_food_no_drink
endersdelight:crawling_sandwich,meal,word_meal
brewinandchewin:creamy_onion_soup,soup,word_soup
create:creative_blaze_cake,non_food,no_food_no_drink
create:creative_crate,non_food,no_food_no_drink
create:creative_fluid_tank,non_food,no_food_no_drink
create:creative_motor,non_food,no_food_no_drink
minecraft:creeper_banner_pattern,non_food,no_food_no_drink
minecraft:creeper_head,non_food,no_food_no_drink
minecraft:creeper_spawn_egg,non_food,no_food_no_drink
create:crimsite,non_food,no_food_no_drink
create:crimsite_pillar,non_food,no_food_no_drink
minecraft:crimson_button,non_food,no_food_no_drink
farmersdelight:crimson_cabinet,non_food,no_food_no_drink
reliquary:crimson_cloth,non_food,no_food_no_drink
minecraft:crimson_door,non_food,no_food_no_drink
minecraft:crimson_fence,non_food,no_food_no_drink
minecraft:crimson_fence_gate,non_food,no_food_no_drink
minecraft:crimson_fungus,non_food,no_food_no_drink
minecraft:crimson_hanging_sign,non_food,no_food_no_drink
minecraft:crimson_hyphae,non_food,no_food_no_drink
minecraft:crimson_nylium,non_food,no_food_no_drink
minecraft:crimson_planks,non_food,no_food_no_drink
minecraft:crimson_pressure_plate,non_food,no_food_no_drink
minecraft:crimson_roots,non_food,no_food_no_drink
minecraft:crimson_sign,non_food,no_food_no_drink
minecraft:crimson_slab,non_food,no_food_no_drink
minecraft:crimson_stairs,non_food,no_food_no_drink
minecraft:crimson_stem,non_food,no_food_no_drink
minecraft:crimson_trapdoor,non_food,no_food_no_drink
create:crimson_window,non_food,no_food_no_drink
create:crimson_window_pane,non_food,no_food_no_drink
endersdelight:crispy_skewer,meat_cooked,word_meat_cooked_dish
minecraft:crossbow,non_food,no_food_no_drink
miners_delight:crunchy_bar,meal,ids2_meal
create:crushed_raw_aluminum,non_food,no_food_no_drink
create:crushed_raw_copper,non_food,no_food_no_drink
create:crushed_raw_gold,non_food,no_food_no_drink
create:crushed_raw_iron,non_food,no_food_no_drink
create:crushed_raw_lead,non_food,no_food_no_drink
create:crushed_raw_nickel,non_food,no_food_no_drink
create:crushed_raw_osmium,non_food,no_food_no_drink
create:crushed_raw_platinum,non_food,no_food_no_drink
create:crushed_raw_quicksilver,non_food,no_food_no_drink
create:crushed_raw_silver,non_food,no_food_no_drink
create:crushed_raw_tin,non_food,no_food_no_drink
create:crushed_raw_uranium,non_food,no_food_no_drink
create:crushed_raw_zinc,non_food,no_food_no_drink
endersdelight:crushed_voidpepper,non_food,no_food_no_drink
create:crushing_wheel,non_food,no_food_no_drink
minecraft:crying_obsidian,non_food,no_food_no_drink
create:cuckoo_clock,non_food,no_food_no_drink
create:cut_andesite,non_food,no_food_no_drink
create:cut_andesite_brick_slab,non_food,no_food_no_drink
create:cut_andesite_brick_stairs,non_food,no_food_no_drink
create:cut_andesite_brick_wall,non_food,no_food_no_drink
create:cut_andesite_bricks,non_food,no_food_no_drink
create:cut_andesite_slab,non_food,no_food_no_drink
create:cut_andesite_stairs,non_food,no_food_no_drink
create:cut_andesite_wall,non_food,no_food_no_drink
create:cut_asurine,non_food,no_food_no_drink
create:cut_asurine_brick_slab,non_food,no_food_no_drink
create:cut_asurine_brick_stairs,non_food,no_food_no_drink
create:cut_asurine_brick_wall,non_food,no_food_no_drink
create:cut_asurine_bricks,non_food,no_food_no_drink
create:cut_asurine_slab,non_food,no_food_no_drink
create:cut_asurine_stairs,non_food,no_food_no_drink
create:cut_asurine_wall,non_food,no_food_no_drink
create:cut_calcite,non_food,no_food_no_drink
create:cut_calcite_brick_slab,non_food,no_food_no_drink
create:cut_calcite_brick_stairs,non_food,no_food_no_drink
create:cut_calcite_brick_wall,non_food,no_food_no_drink
create:cut_calcite_bricks,non_food,no_food_no_drink
create:cut_calcite_slab,non_food,no_food_no_drink
create:cut_calcite_stairs,non_food,no_food_no_drink
create:cut_calcite_wall,non_food,no_food_no_drink
minecraft:cut_copper,non_food,no_food_no_drink
minecraft:cut_copper_slab,non_food,no_food_no_drink
minecraft:cut_copper_stairs,non_food,no_food_no_drink
create:cut_crimsite,non_food,no_food_no_drink
create:cut_crimsite_brick_slab,non_food,no_food_no_drink
create:cut_crimsite_brick_stairs,non_food,no_food_no_drink
create:cut_crimsite_brick_wall,non_food,no_food_no_drink
create:cut_crimsite_bricks,non_food,no_food_no_drink
create:cut_crimsite_slab,non_food,no_food_no_drink
create:cut_crimsite_stairs,non_food,no_food_no_drink
create:cut_crimsite_wall,non_food,no_food_no_drink
create:cut_deepslate,non_food,no_food_no_drink
create:cut_deepslate_brick_slab,non_food,no_food_no_drink
create:cut_deepslate_brick_stairs,non_food,no_food_no_drink
create:cut_deepslate_brick_wall,non_food,no_food_no_drink
create:cut_deepslate_bricks,non_food,no_food_no_drink
create:cut_deepslate_slab,non_food,no_food_no_drink
create:cut_deepslate_stairs,non_food,no_food_no_drink
create:cut_deepslate_wall,non_food,no_food_no_drink
create:cut_diorite,non_food,no_food_no_drink
create:cut_diorite_brick_slab,non_food,no_food_no_drink
create:cut_diorite_brick_stairs,non_food,no_food_no_drink
create:cut_diorite_brick_wall,non_food,no_food_no_drink
create:cut_diorite_bricks,non_food,no_food_no_drink
create:cut_diorite_slab,non_food,no_food_no_drink
create:cut_diorite_stairs,non_food,no_food_no_drink
create:cut_diorite_wall,non_food,no_food_no_drink
create:cut_dripstone,non_food,no_food_no_drink
create:cut_dripstone_brick_slab,non_food,no_food_no_drink
create:cut_dripstone_brick_stairs,non_food,no_food_no_drink
create:cut_dripstone_brick_wall,non_food,no_food_no_drink
create:cut_dripstone_bricks,non_food,no_food_no_drink
create:cut_dripstone_slab,non_food,no_food_no_drink
create:cut_dripstone_stairs,non_food,no_food_no_drink
create:cut_dripstone_wall,non_food,no_food_no_drink
create:cut_granite,non_food,no_food_no_drink
create:cut_granite_brick_slab,non_food,no_food_no_drink
create:cut_granite_brick_stairs,non_food,no_food_no_drink
create:cut_granite_brick_wall,non_food,no_food_no_drink
create:cut_granite_bricks,non_food,no_food_no_drink
create:cut_granite_slab,non_food,no_food_no_drink
create:cut_granite_stairs,non_food,no_food_no_drink
create:cut_granite_wall,non_food,no_food_no_drink
create:cut_limestone,non_food,no_food_no_drink
create:cut_limestone_brick_slab,non_food,no_food_no_drink
create:cut_limestone_brick_stairs,non_food,no_food_no_drink
create:cut_limestone_brick_wall,non_food,no_food_no_drink
create:cut_limestone_bricks,non_food,no_food_no_drink
create:cut_limestone_slab,non_food,no_food_no_drink
create:cut_limestone_stairs,non_food,no_food_no_drink
create:cut_limestone_wall,non_food,no_food_no_drink
create:cut_ochrum,non_food,no_food_no_drink
create:cut_ochrum_brick_slab,non_food,no_food_no_drink
create:cut_ochrum_brick_stairs,non_food,no_food_no_drink
create:cut_ochrum_brick_wall,non_food,no_food_no_drink
create:cut_ochrum_bricks,non_food,no_food_no_drink
create:cut_ochrum_slab,non_food,no_food_no_drink
create:cut_ochrum_stairs,non_food,no_food_no_drink
create:cut_ochrum_wall,non_food,no_food_no_drink
minecraft:cut_red_sandstone,non_food,no_food_no_drink
minecraft:cut_red_sandstone_slab,non_food,no_food_no_drink
minecraft:cut_sandstone,non_food,no_food_no_drink
minecraft:cut_sandstone_slab,non_food,no_food_no_drink
create:cut_scorchia,non_food,no_food_no_drink
create:cut_scorchia_brick_slab,non_food,no_food_no_drink
create:cut_scorchia_brick_stairs,non_food,no_food_no_drink
create:cut_scorchia_brick_wall,non_food,no_food_no_drink
create:cut_scorchia_bricks,non_food,no_food_no_drink
create:cut_scorchia_slab,non_food,no_food_no_drink
create:cut_scorchia_stairs,non_food,no_food_no_drink
create:cut_scorchia_wall,non_food,no_food_no_drink
create:cut_scoria,non_food,no_food_no_drink
create:cut_scoria_brick_slab,non_food,no_food_no_drink
create:cut_scoria_brick_stairs,non_food,no_food_no_drink
create:cut_scoria_brick_wall,non_food,no_food_no_drink
create:cut_scoria_bricks,non_food,no_food_no_drink
create:cut_scoria_slab,non_food,no_food_no_drink
create:cut_scoria_stairs,non_food,no_food_no_drink
create:cut_scoria_wall,non_food,no_food_no_drink
oceansdelight:cut_tentacles,seafood,word_seafood
create:cut_tuff,non_food,no_food_no_drink
create:cut_tuff_brick_slab,non_food,no_food_no_drink
create:cut_tuff_brick_stairs,non_food,no_food_no_drink
create:cut_tuff_brick_wall,non_food,no_food_no_drink
create:cut_tuff_bricks,non_food,no_food_no_drink
create:cut_tuff_slab,non_food,no_food_no_drink
create:cut_tuff_stairs,non_food,no_food_no_drink
create:cut_tuff_wall,non_food,no_food_no_drink
create:cut_veridium,non_food,no_food_no_drink
create:cut_veridium_brick_slab,non_food,no_food_no_drink
create:cut_veridium_brick_stairs,non_food,no_food_no_drink
create:cut_veridium_brick_wall,non_food,no_food_no_drink
create:cut_veridium_bricks,non_food,no_food_no_drink
create:cut_veridium_slab,non_food,no_food_no_drink
create:cut_veridium_stairs,non_food,no_food_no_drink
create:cut_veridium_wall,non_food,no_food_no_drink
farmersdelight:cutting_board,non_food,no_food_no_drink
minecraft:cyan_banner,non_food,no_food_no_drink
minecraft:cyan_bed,non_food,no_food_no_drink
minecraft:cyan_candle,non_food,no_food_no_drink
farmersdelight:cyan_canvas_sign,non_food,no_food_no_drink
minecraft:cyan_carpet,non_food,no_food_no_drink
minecraft:cyan_concrete,non_food,no_food_no_drink
minecraft:cyan_concrete_powder,non_food,no_food_no_drink
minecraft:cyan_dye,non_food,no_food_no_drink
minecraft:cyan_glazed_terracotta,non_food,no_food_no_drink
farmersdelight:cyan_hanging_canvas_sign,non_food,no_food_no_drink
create:cyan_postbox,non_food,no_food_no_drink
create:cyan_seat,non_food,no_food_no_drink
minecraft:cyan_shulker_box,non_food,no_food_no_drink
minecraft:cyan_stained_glass,non_food,no_food_no_drink
minecraft:cyan_stained_glass_pane,non_food,no_food_no_drink
create:cyan_table_cloth,non_food,no_food_no_drink
minecraft:cyan_terracotta,non_food,no_food_no_drink
create:cyan_toolbox,non_food,no_food_no_drink
create:cyan_valve_handle,non_food,no_food_no_drink
minecraft:cyan_wool,non_food,no_food_no_drink
minecraft:damaged_anvil,non_food,no_food_no_drink
minecraft:dandelion,non_food,no_food_no_drink
minecraft:danger_pottery_sherd,non_food,no_food_no_drink
brewery:dark_brew,non_food,no_food_no_drink
minecraft:dark_oak_boat,non_food,no_food_no_drink
minecraft:dark_oak_button,non_food,no_food_no_drink
farmersdelight:dark_oak_cabinet,non_food,no_food_no_drink
minecraft:dark_oak_chest_boat,non_food,no_food_no_drink
minecraft:dark_oak_door,non_food,no_food_no_drink
minecraft:dark_oak_fence,non_food,no_food_no_drink
minecraft:dark_oak_fence_gate,non_food,no_food_no_drink
minecraft:dark_oak_hanging_sign,non_food,no_food_no_drink
minecraft:dark_oak_leaves,non_food,no_food_no_drink
minecraft:dark_oak_log,non_food,no_food_no_drink
minecraft:dark_oak_planks,non_food,no_food_no_drink
minecraft:dark_oak_pressure_plate,non_food,no_food_no_drink
minecraft:dark_oak_sapling,non_food,no_food_no_drink
minecraft:dark_oak_sign,non_food,no_food_no_drink
minecraft:dark_oak_slab,non_food,no_food_no_drink
minecraft:dark_oak_stairs,non_food,no_food_no_drink
minecraft:dark_oak_trapdoor,non_food,no_food_no_drink
create:dark_oak_window,non_food,no_food_no_drink
create:dark_oak_window_pane,non_food,no_food_no_drink
minecraft:dark_oak_wood,non_food,no_food_no_drink
minecraft:dark_prismarine,non_food,no_food_no_drink
minecraft:dark_prismarine_slab,non_food,no_food_no_drink
minecraft:dark_prismarine_stairs,non_food,no_food_no_drink
minecraft:daylight_detector,non_food,no_food_no_drink
minecraft:dead_brain_coral,non_food,no_food_no_drink
minecraft:dead_brain_coral_block,non_food,no_food_no_drink
minecraft:dead_brain_coral_fan,non_food,no_food_no_drink
minecraft:dead_bubble_coral,non_food,no_food_no_drink
minecraft:dead_bubble_coral_block,non_food,no_food_no_drink
minecraft:dead_bubble_coral_fan,non_food,no_food_no_drink
minecraft:dead_bush,non_food,no_food_no_drink
minecraft:dead_fire_coral,non_food,no_food_no_drink
minecraft:dead_fire_coral_block,non_food,no_food_no_drink
minecraft:dead_fire_coral_fan,non_food,no_food_no_drink
minecraft:dead_horn_coral,non_food,no_food_no_drink
minecraft:dead_horn_coral_block,non_food,no_food_no_drink
minecraft:dead_horn_coral_fan,non_food,no_food_no_drink
minecraft:dead_tube_coral,non_food,no_food_no_drink
minecraft:dead_tube_coral_block,non_food,no_food_no_drink
minecraft:dead_tube_coral_fan,non_food,no_food_no_drink
farmersdelight:debug_pumpkin_pie,non_food,no_food_no_drink
minecraft:debug_stick,non_food,no_food_no_drink
minecraft:decorated_pot,non_food,no_food_no_drink
minecraft:deepslate,non_food,no_food_no_drink
minecraft:deepslate_brick_slab,non_food,no_food_no_drink
minecraft:deepslate_brick_stairs,non_food,no_food_no_drink
minecraft:deepslate_brick_wall,non_food,no_food_no_drink
minecraft:deepslate_bricks,non_food,no_food_no_drink
minecraft:deepslate_coal_ore,non_food,no_food_no_drink
minecraft:deepslate_copper_ore,non_food,no_food_no_drink
minecraft:deepslate_diamond_ore,non_food,no_food_no_drink
minecraft:deepslate_emerald_ore,non_food,no_food_no_drink
minecraft:deepslate_gold_ore,non_food,no_food_no_drink
minecraft:deepslate_iron_ore,non_food,no_food_no_drink
minecraft:deepslate_lapis_ore,non_food,no_food_no_drink
create:deepslate_pillar,non_food,no_food_no_drink
minecraft:deepslate_redstone_ore,non_food,no_food_no_drink
minecraft:deepslate_tile_slab,non_food,no_food_no_drink
minecraft:deepslate_tile_stairs,non_food,no_food_no_drink
minecraft:deepslate_tile_wall,non_food,no_food_no_drink
minecraft:deepslate_tiles,non_food,no_food_no_drink
create:deepslate_zinc_ore,non_food,no_food_no_drink
create:deployer,non_food,no_food_no_drink
create:depot,non_food,no_food_no_drink
create:desk_bell,non_food,no_food_no_drink
reliquary:destruction_catalyst,non_food,no_food_no_drink
minecraft:detector_rail,non_food,no_food_no_drink
minecraft:diamond,non_food,no_food_no_drink
minecraft:diamond_axe,non_food,no_food_no_drink
minecraft:diamond_block,non_food,no_food_no_drink
minecraft:diamond_boots,non_food,no_food_no_drink
minecraft:diamond_chestplate,non_food,no_food_no_drink
minecraft:diamond_helmet,non_food,no_food_no_drink
minecraft:diamond_hoe,non_food,no_food_no_drink
minecraft:diamond_horse_armor,non_food,no_food_no_drink
farmersdelight:diamond_knife,non_food,no_food_no_drink
minecraft:diamond_leggings,non_food,no_food_no_drink
minecraft:diamond_ore,non_food,no_food_no_drink
minecraft:diamond_pickaxe,non_food,no_food_no_drink
minecraft:diamond_shovel,non_food,no_food_no_drink
minecraft:diamond_sword,non_food,no_food_no_drink
minecraft:diorite,non_food,no_food_no_drink
create:diorite_pillar,non_food,no_food_no_drink
minecraft:diorite_slab,non_food,no_food_no_drink
minecraft:diorite_stairs,non_food,no_food_no_drink
minecraft:diorite_wall,non_food,no_food_no_drink
minecraft:dirt,non_food,no_food_no_drink
minecraft:dirt_path,non_food,no_food_no_drink
minecraft:disc_fragment_5,non_food,no_food_no_drink
minecraft:dispenser,non_food,no_food_no_drink
create:display_board,non_food,no_food_no_drink
create:display_link,non_food,no_food_no_drink
farm_and_charm:dog_food,non_food,no_food_no_drink
farmersdelight:dog_food,ingredient,ids_ingredient
farm_and_charm:dog_food_bag,non_food,no_food_no_drink
minecraft:dolphin_spawn_egg,non_food,no_food_no_drink
minecraft:donkey_spawn_egg,non_food,no_food_no_drink
create:dough,non_food,no_food_no_drink
farm_and_charm:dough,ingredient,word_ingredient
minecraft:dragon_breath,non_food,no_food_no_drink
minecraft:dragon_egg,non_food,no_food_no_drink
minecraft:dragon_head,non_food,no_food_no_drink
brewery:drawer,non_food,no_food_no_drink
brewinandchewin:dread_nog,alcohol,tag_alcohol
brewery:dried_barley,non_food,no_food_no_drink
herbalbrews:dried_black_tea,ingredient,word_dry_tea
brewery:dried_corn,non_food,no_food_no_drink
herbalbrews:dried_green_tea,ingredient,word_dry_tea
herbalbrews:dried_green_tea_leaf_block,non_food,no_food_no_drink
minecraft:dried_kelp,dry,ids_dry
minecraft:dried_kelp_block,non_food,no_food_no_drink
brewery:dried_oat,non_food,no_food_no_drink
herbalbrews:dried_oolong_tea,ingredient,word_dry_tea
herbalbrews:dried_out_green_tea_leaf_block,non_food,no_food_no_drink
brewery:dried_wheat,non_food,no_food_no_drink
minecraft:dripstone_block,non_food,no_food_no_drink
create:dripstone_pillar,non_food,no_food_no_drink
minecraft:dropper,non_food,no_food_no_drink
minecraft:drowned_spawn_egg,non_food,no_food_no_drink
brewery:dumplings,meal,word_meal
farmersdelight:dumplings,meal,word_meal
minecraft:dune_armor_trim_smithing_template,non_food,no_food_no_drink
farm_and_charm:dungarees,non_food,no_food_no_drink
minecraft:echo_shard,non_food,no_food_no_drink
minecraft:egg,non_food,no_food_no_drink
brewinandchewin:egg_grog,alcohol,tag_alcohol
farmersdelight:egg_sandwich,meal,word_meal
oceansdelight:elder_guardian_roll,meal,word_meal
oceansdelight:elder_guardian_slab,seafood,word_seafood
oceansdelight:elder_guardian_slice,seafood,word_seafood
minecraft:elder_guardian_spawn_egg,non_food,no_food_no_drink
create:electron_tube,non_food,no_food_no_drink
create:elevator_contact,non_food,no_food_no_drink
create:elevator_pulley,non_food,no_food_no_drink
minecraft:elytra,non_food,no_food_no_drink
minecraft:emerald,non_food,no_food_no_drink
minecraft:emerald_block,non_food,no_food_no_drink
minecraft:emerald_ore,non_food,no_food_no_drink
reliquary:emperor_chalice,drink_crafted,any_other_drink
create:empty_blaze_burner,non_food,no_food_no_drink
reliquary:empty_potion_vial,non_food,no_food_no_drink
create:empty_schematic,non_food,no_food_no_drink
create:encased_chain_drive,non_food,no_food_no_drink
create:encased_fan,non_food,no_food_no_drink
minecraft:enchanted_book,non_food,no_food_no_drink
minecraft:enchanted_golden_apple,fresh_produce,word_fresh
minecraft:enchanting_table,non_food,no_food_no_drink
minecraft:end_crystal,non_food,no_food_no_drink
minecraft:end_portal_frame,non_food,no_food_no_drink
minecraft:end_rod,non_food,no_food_no_drink
minecraft:end_stone,non_food,no_food_no_drink
minecraft:end_stone_brick_slab,non_food,no_food_no_drink
minecraft:end_stone_brick_stairs,non_food,no_food_no_drink
minecraft:end_stone_brick_wall,non_food,no_food_no_drink
minecraft:end_stone_bricks,non_food,no_food_no_drink
minecraft:ender_chest,non_food,no_food_no_drink
minecraft:ender_dragon_spawn_egg,non_food,no_food_no_drink
minecraft:ender_eye,non_food,no_food_no_drink
endersdelight:ender_paella,stew,word_stew
minecraft:ender_pearl,non_food,no_food_no_drink
endersdelight:ender_shard,non_food,no_food_no_drink
reliquary:ender_staff,non_food,no_food_no_drink
endersdelight:enderman_sight,non_food,no_food_no_drink
minecraft:enderman_spawn_egg,non_food,no_food_no_drink
minecraft:endermite_spawn_egg,non_food,no_food_no_drink
endersdelight:endermite_stew,stew,word_stew
endersdelight:endstone_stove,non_food,no_food_no_drink
endersdelight:ethereal_saffron,non_food,no_food_no_drink
minecraft:evoker_spawn_egg,non_food,no_food_no_drink
create:experience_block,non_food,no_food_no_drink
minecraft:experience_bottle,non_food,no_food_no_drink
create:experience_nugget,non_food,no_food_no_drink
minecraft:explorer_pottery_sherd,non_food,no_food_no_drink
minecraft:exposed_copper,non_food,no_food_no_drink
create:exposed_copper_shingle_slab,non_food,no_food_no_drink
create:exposed_copper_shingle_stairs,non_food,no_food_no_drink
create:exposed_copper_shingles,non_food,no_food_no_drink
create:exposed_copper_tile_slab,non_food,no_food_no_drink
create:exposed_copper_tile_stairs,non_food,no_food_no_drink
create:exposed_copper_tiles,non_food,no_food_no_drink
minecraft:exposed_cut_copper,non_food,no_food_no_drink
minecraft:exposed_cut_copper_slab,non_food,no_food_no_drink
minecraft:exposed_cut_copper_stairs,non_food,no_food_no_drink
create:extendo_grip,non_food,no_food_no_drink
minecraft:eye_armor_trim_smithing_template,non_food,no_food_no_drink
reliquary:eye_of_the_storm,non_food,no_food_no_drink
create:factory_gauge,non_food,no_food_no_drink
miners_delight:fake_meatloaf,non_food,no_food_no_drink
farm_and_charm:farmer_salad,meal,word_meal
farm_and_charm:farmers_bread,dry,tag_bread
farm_and_charm:farmers_breakfast,meal,word_meal
minecraft:farmland,non_food,no_food_no_drink
minecraft:feather,non_food,no_food_no_drink
farm_and_charm:feeding_trough,non_food,no_food_no_drink
minecraft:fermented_spider_eye,non_food,no_food_no_drink
minecraft:fern,non_food,no_food_no_drink
reliquary:fertile_essence,non_food,no_food_no_drink
reliquary:fertile_lily_pad,non_food,no_food_no_drink
reliquary:fertile_potion,non_food,no_food_no_drink
farm_and_charm:fertilized_farmland,non_food,no_food_no_drink
farm_and_charm:fertilized_soil,non_food,no_food_no_drink
farm_and_charm:fertilizer,non_food,no_food_no_drink
brewinandchewin:fiery_fondue,stew,word_stew
brewinandchewin:fiery_fondue_pot,non_food,no_food_no_drink
minecraft:filled_map,non_food,no_food_no_drink
cold_sweat:filled_waterskin,water,water_container
create:filter,non_food,no_food_no_drink
minecraft:fire_charge,non_food,no_food_no_drink
minecraft:fire_coral,non_food,no_food_no_drink
minecraft:fire_coral_block,non_food,no_food_no_drink
minecraft:fire_coral_fan,non_food,no_food_no_drink
minecraft:firework_rocket,non_food,no_food_no_drink
minecraft:firework_star,non_food,no_food_no_drink
farmersdelight:fish_stew,stew,tag_stew
miners_delight:fish_stew_cup,stew,word_stew
minecraft:fishing_rod,non_food,no_food_no_drink
herbalbrews:flask,non_food,not_a_real_drink
brewinandchewin:flaxen_cheese_wedge,salty,word_salty
brewinandchewin:flaxen_cheese_wheel,non_food,no_food_no_drink
minecraft:fletching_table,non_food,no_food_no_drink
minecraft:flint,non_food,no_food_no_drink
minecraft:flint_and_steel,non_food,no_food_no_drink
farmersdelight:flint_knife,non_food,no_food_no_drink
farm_and_charm:flour,non_food,no_food_no_drink
farm_and_charm:flour_bag,non_food,no_food_no_drink
minecraft:flower_banner_pattern,non_food,no_food_no_drink
minecraft:flower_pot,non_food,no_food_no_drink
minecraft:flowering_azalea,non_food,no_food_no_drink
minecraft:flowering_azalea_leaves,non_food,no_food_no_drink
create:fluid_pipe,non_food,no_food_no_drink
create:fluid_tank,non_food,no_food_no_drink
create:fluid_valve,non_food,no_food_no_drink
create:flywheel,non_food,no_food_no_drink
reliquary:fortune_coin,non_food,no_food_no_drink
minecraft:fox_spawn_egg,non_food,no_food_no_drink
create:framed_glass,non_food,no_food_no_drink
create:framed_glass_door,non_food,no_food_no_drink
create:framed_glass_pane,non_food,no_food_no_drink
create:framed_glass_trapdoor,non_food,no_food_no_drink
brewery:fried_chicken,meat_cooked,tag_cooked_meat
farmersdelight:fried_egg,meal,manual
farmersdelight:fried_rice,meal,word_meal
minecraft:friend_pottery_sherd,non_food,no_food_no_drink
minecraft:frog_spawn_egg,non_food,no_food_no_drink
minecraft:frogspawn,non_food,no_food_no_drink
reliquary:frozen_core,non_food,no_food_no_drink
farmersdelight:fruit_salad,sweet,tag_candy
oceansdelight:fugu_roll,meal,word_meal
oceansdelight:fugu_slice,seafood,word_seafood
farmersdelight:full_tatami_mat,non_food,no_food_no_drink
minecraft:furnace,non_food,no_food_no_drink
minecraft:furnace_minecart,non_food,no_food_no_drink
create:furnace_minecart_contraption,non_food,no_food_no_drink
create:gantry_carriage,non_food,no_food_no_drink
create:gantry_shaft,non_food,no_food_no_drink
create:gearbox,non_food,no_food_no_drink
create:gearshift,non_food,no_food_no_drink
minecraft:ghast_spawn_egg,non_food,no_food_no_drink
minecraft:ghast_tear,non_food,no_food_no_drink
minecraft:gilded_blackstone,non_food,no_food_no_drink
brewery:gingerbread,non_food,no_food_no_drink
reliquary:glacial_staff,non_food,no_food_no_drink
minecraft:glass,non_food,no_food_no_drink
minecraft:glass_bottle,non_food,no_food_no_drink
minecraft:glass_pane,non_food,no_food_no_drink
miners_delight:glazed_arachnid_limbs,non_food,no_food_no_drink
farmersdelight:gleaming_salad,meal,word_meal
farmersdelight:gleaming_salad_block,non_food,no_food_no_drink
minecraft:glistering_melon_slice,non_food,no_food_no_drink
brewinandchewin:glittering_grenadine,alcohol,tag_alcohol
minecraft:globe_banner_pattern,non_food,no_food_no_drink
minecraft:glow_berries,fresh_produce,word_fresh
farmersdelight:glow_berry_custard,sweet,tag_candy
brewinandchewin:glow_berry_marmalade,sweet,word_jam
miners_delight:glow_ink_pasta,meal,word_meal
minecraft:glow_ink_sac,non_food,no_food_no_drink
minecraft:glow_item_frame,non_food,no_food_no_drink
minecraft:glow_lichen,non_food,no_food_no_drink
miners_delight:glow_squid,seafood,tag_raw_fish
minecraft:glow_squid_spawn_egg,non_food,no_food_no_drink
reliquary:glowing_bread,dry,word_dry
reliquary:glowing_water,non_food,no_food_no_drink
minecraft:glowstone,non_food,no_food_no_drink
minecraft:glowstone_dust,non_food,no_food_no_drink
cold_sweat:goat_fur,non_food,no_food_no_drink
cold_sweat:goat_fur_boots,non_food,no_food_no_drink
cold_sweat:goat_fur_chestplate,non_food,no_food_no_drink
cold_sweat:goat_fur_helmet,non_food,no_food_no_drink
cold_sweat:goat_fur_leggings,non_food,no_food_no_drink
minecraft:goat_horn,non_food,no_food_no_drink
minecraft:goat_spawn_egg,non_food,no_food_no_drink
create:goggles,non_food,no_food_no_drink
minecraft:gold_block,non_food,no_food_no_drink
minecraft:gold_ingot,non_food,no_food_no_drink
minecraft:gold_nugget,non_food,no_food_no_drink
minecraft:gold_ore,non_food,no_food_no_drink
minecraft:golden_apple,fresh_produce,word_fresh
minecraft:golden_axe,non_food,no_food_no_drink
minecraft:golden_boots,non_food,no_food_no_drink
minecraft:golden_carrot,fresh_produce,word_fresh
minecraft:golden_chestplate,non_food,no_food_no_drink
minecraft:golden_helmet,non_food,no_food_no_drink
minecraft:golden_hoe,non_food,no_food_no_drink
minecraft:golden_horse_armor,non_food,no_food_no_drink
farmersdelight:golden_knife,non_food,no_food_no_drink
minecraft:golden_leggings,non_food,no_food_no_drink
miners_delight:golden_nutritional_bar,meal,ids2_meal
minecraft:golden_pickaxe,non_food,no_food_no_drink
create:golden_sheet,non_food,no_food_no_drink
minecraft:golden_shovel,non_food,no_food_no_drink
minecraft:golden_sword,non_food,no_food_no_drink
miners_delight:gossypium,non_food,no_food_no_drink
farm_and_charm:goulash,meat_cooked,tag_cooked_meat
farm_and_charm:grandmothers_strawberry_cake,baked_sweet,word_baked_sweet
minecraft:granite,non_food,no_food_no_drink
create:granite_pillar,non_food,no_food_no_drink
minecraft:granite_slab,non_food,no_food_no_drink
minecraft:granite_stairs,non_food,no_food_no_drink
minecraft:granite_wall,non_food,no_food_no_drink
minecraft:grass,non_food,no_food_no_drink
minecraft:grass_block,non_food,no_food_no_drink
minecraft:gravel,non_food,no_food_no_drink
minecraft:gray_banner,non_food,no_food_no_drink
minecraft:gray_bed,non_food,no_food_no_drink
minecraft:gray_candle,non_food,no_food_no_drink
farmersdelight:gray_canvas_sign,non_food,no_food_no_drink
minecraft:gray_carpet,non_food,no_food_no_drink
minecraft:gray_concrete,non_food,no_food_no_drink
minecraft:gray_concrete_powder,non_food,no_food_no_drink
minecraft:gray_dye,non_food,no_food_no_drink
minecraft:gray_glazed_terracotta,non_food,no_food_no_drink
farmersdelight:gray_hanging_canvas_sign,non_food,no_food_no_drink
create:gray_postbox,non_food,no_food_no_drink
create:gray_seat,non_food,no_food_no_drink
minecraft:gray_shulker_box,non_food,no_food_no_drink
minecraft:gray_stained_glass,non_food,no_food_no_drink
minecraft:gray_stained_glass_pane,non_food,no_food_no_drink
create:gray_table_cloth,non_food,no_food_no_drink
minecraft:gray_terracotta,non_food,no_food_no_drink
create:gray_toolbox,non_food,no_food_no_drink
create:gray_valve_handle,non_food,no_food_no_drink
minecraft:gray_wool,non_food,no_food_no_drink
minecraft:green_banner,non_food,no_food_no_drink
minecraft:green_bed,non_food,no_food_no_drink
minecraft:green_candle,non_food,no_food_no_drink
farmersdelight:green_canvas_sign,non_food,no_food_no_drink
minecraft:green_carpet,non_food,no_food_no_drink
minecraft:green_concrete,non_food,no_food_no_drink
minecraft:green_concrete_powder,non_food,no_food_no_drink
minecraft:green_dye,non_food,no_food_no_drink
minecraft:green_glazed_terracotta,non_food,no_food_no_drink
farmersdelight:green_hanging_canvas_sign,non_food,no_food_no_drink
create:green_postbox,non_food,no_food_no_drink
create:green_seat,non_food,no_food_no_drink
minecraft:green_shulker_box,non_food,no_food_no_drink
minecraft:green_stained_glass,non_food,no_food_no_drink
minecraft:green_stained_glass_pane,non_food,no_food_no_drink
create:green_table_cloth,non_food,no_food_no_drink
herbalbrews:green_tea,drink_simple,word_tea_milk_juice
herbalbrews:green_tea_leaf,non_food,no_food_no_drink
herbalbrews:green_tea_leaf_block,non_food,no_food_no_drink
minecraft:green_terracotta,non_food,no_food_no_drink
create:green_toolbox,non_food,no_food_no_drink
create:green_valve_handle,non_food,no_food_no_drink
minecraft:green_wool,non_food,no_food_no_drink
farmersdelight:grilled_salmon,seafood,word_seafood
minecraft:grindstone,non_food,no_food_no_drink
reliquary:grip_assembly,non_food,no_food_no_drink
oceansdelight:guardian,non_food,no_food_no_drink
oceansdelight:guardian_soup,non_food,no_food_no_drink
minecraft:guardian_spawn_egg,non_food,no_food_no_drink
reliquary:guardian_spike,non_food,no_food_no_drink
oceansdelight:guardian_tail,seafood,word_seafood
minecraft:gunpowder,non_food,no_food_no_drink
brewery:half_chicken,meat_cooked,tag_cooked_meat
farmersdelight:half_tatami_mat,non_food,no_food_no_drink
farmersdelight:ham,salty,word_salty
brewinandchewin:ham_and_cheese_sandwich,meal,word_meat_dish
farmersdelight:hamburger,meal,ids_meal_more
reliquary:hammer_assembly,non_food,no_food_no_drink
create:hand_crank,non_food,no_food_no_drink
reliquary:handgun,non_food,no_food_no_drink
create:handheld_worldshaper,non_food,no_food_no_drink
farmersdelight:hanging_canvas_sign,non_food,no_food_no_drink
minecraft:hanging_roots,non_food,no_food_no_drink
reliquary:harvest_rod,non_food,no_food_no_drink
create:haunted_bell,non_food,no_food_no_drink
minecraft:hay_block,non_food,no_food_no_drink
minecraft:heart_of_the_sea,non_food,no_food_no_drink
minecraft:heart_pottery_sherd,non_food,no_food_no_drink
minecraft:heartbreak_pottery_sherd,non_food,no_food_no_drink
cold_sweat:hearth,non_food,no_food_no_drink
brewinandchewin:heating_cask,non_food,no_food_no_drink
minecraft:heavy_weighted_pressure_plate,non_food,no_food_no_drink
herbalbrews:herbal_infusion,non_food,no_food_no_drink
herbalbrews:herbalbrews_banner,non_food,no_food_no_drink
reliquary:hero_medallion,non_food,no_food_no_drink
herbalbrews:hibiscus,non_food,no_food_no_drink
herbalbrews:hibiscus_tea,drink_simple,word_tea_milk_juice
cold_sweat:hoglin_boots,non_food,no_food_no_drink
cold_sweat:hoglin_chestplate,non_food,no_food_no_drink
cold_sweat:hoglin_helmet,non_food,no_food_no_drink
cold_sweat:hoglin_hide,non_food,no_food_no_drink
cold_sweat:hoglin_leggings,non_food,no_food_no_drink
minecraft:hoglin_spawn_egg,non_food,no_food_no_drink
reliquary:holy_hand_grenade,non_food,no_food_no_drink
minecraft:honey_block,non_food,no_food_no_drink
minecraft:honey_bottle,drink_crafted,word_drink_crafted
create:honey_bucket,non_food,no_food_no_drink
farmersdelight:honey_cookie,baked_sweet,manual
oceansdelight:honey_fried_kelp,meal,word_meal
farmersdelight:honey_glazed_ham,salty,word_salty
farmersdelight:honey_glazed_ham_block,non_food,no_food_no_drink
minecraft:honeycomb,non_food,no_food_no_drink
minecraft:honeycomb_block,non_food,no_food_no_drink
create:honeyed_apple,fresh_produce,manual
minecraft:hopper,non_food,no_food_no_drink
minecraft:hopper_minecart,non_food,no_food_no_drink
brewery:hops,non_food,manual
brewery:hops_seeds,non_food,no_food_no_drink
create:horizontal_framed_glass,non_food,no_food_no_drink
create:horizontal_framed_glass_pane,non_food,no_food_no_drink
minecraft:horn_coral,non_food,no_food_no_drink
minecraft:horn_coral_block,non_food,no_food_no_drink
minecraft:horn_coral_fan,non_food,no_food_no_drink
brewinandchewin:horror_lasagna,meal,word_meal
farmersdelight:horse_feed,non_food,no_food_no_drink
farm_and_charm:horse_fodder,non_food,no_food_no_drink
minecraft:horse_spawn_egg,non_food,no_food_no_drink
create:hose_pulley,non_food,no_food_no_drink
minecraft:host_armor_trim_smithing_template,non_food,no_food_no_drink
farmersdelight:hot_cocoa,drink_crafted,word_drink_crafted
minecraft:howl_pottery_sherd,non_food,no_food_no_drink
minecraft:husk_spawn_egg,non_food,no_food_no_drink
minecraft:ice,non_food,no_food_no_drink
brewinandchewin:ice_crate,non_food,no_food_no_drink
reliquary:ice_magus_rod,non_food,no_food_no_drink
cold_sweat:icebox,non_food,no_food_no_drink
miners_delight:improvised_barbecue_stick,meat_cooked,ids2_meat_cooked
create:incomplete_precision_mechanism,non_food,no_food_no_drink
create:incomplete_track,non_food,no_food_no_drink
create:industrial_iron_block,non_food,no_food_no_drink
create:industrial_iron_window,non_food,no_food_no_drink
create:industrial_iron_window_pane,non_food,no_food_no_drink
reliquary:infernal_chalice,non_food,no_food_no_drink
reliquary:infernal_claw,non_food,no_food_no_drink
reliquary:infernal_claws,non_food,no_food_no_drink
reliquary:infernal_tear,non_food,no_food_no_drink
minecraft:infested_chiseled_stone_bricks,non_food,no_food_no_drink
minecraft:infested_cobblestone,non_food,no_food_no_drink
minecraft:infested_cracked_stone_bricks,non_food,no_food_no_drink
minecraft:infested_deepslate,non_food,no_food_no_drink
minecraft:infested_mossy_stone_bricks,non_food,no_food_no_drink
minecraft:infested_stone,non_food,no_food_no_drink
minecraft:infested_stone_bricks,non_food,no_food_no_drink
minecraft:ink_sac,non_food,no_food_no_drink
miners_delight:insect_sandwich,meal,word_meal
miners_delight:insect_stew,stew,tag_stew
miners_delight:insect_stew_cup,stew,word_stew
miners_delight:insect_wrap,meal,word_meal
cold_sweat:insulated_minecart,non_food,no_food_no_drink
reliquary:interdiction_torch,non_food,no_food_no_drink
minecraft:iron_axe,non_food,no_food_no_drink
minecraft:iron_bars,non_food,no_food_no_drink
minecraft:iron_block,non_food,no_food_no_drink
minecraft:iron_boots,non_food,no_food_no_drink
minecraft:iron_chestplate,non_food,no_food_no_drink
minecraft:iron_door,non_food,no_food_no_drink
minecraft:iron_golem_spawn_egg,non_food,no_food_no_drink
minecraft:iron_helmet,non_food,no_food_no_drink
minecraft:iron_hoe,non_food,no_food_no_drink
minecraft:iron_horse_armor,non_food,no_food_no_drink
minecraft:iron_ingot,non_food,no_food_no_drink
farmersdelight:iron_knife,non_food,no_food_no_drink
minecraft:iron_leggings,non_food,no_food_no_drink
minecraft:iron_nugget,non_food,no_food_no_drink
minecraft:iron_ore,non_food,no_food_no_drink
minecraft:iron_pickaxe,non_food,no_food_no_drink
create:iron_sheet,non_food,no_food_no_drink
minecraft:iron_shovel,non_food,no_food_no_drink
minecraft:iron_sword,non_food,no_food_no_drink
minecraft:iron_trapdoor,non_food,no_food_no_drink
create:item_drain,non_food,no_food_no_drink
minecraft:item_frame,non_food,no_food_no_drink
create:item_hatch,non_food,no_food_no_drink
create:item_vault,non_food,no_food_no_drink
minecraft:jack_o_lantern,non_food,no_food_no_drink
brewinandchewin:jerky,salty,word_salty
minecraft:jigsaw,non_food,no_food_no_drink
herbalbrews:jug,non_food,no_food_no_drink
minecraft:jukebox,non_food,no_food_no_drink
minecraft:jungle_boat,non_food,no_food_no_drink
minecraft:jungle_button,non_food,no_food_no_drink
farmersdelight:jungle_cabinet,non_food,no_food_no_drink
minecraft:jungle_chest_boat,non_food,no_food_no_drink
minecraft:jungle_door,non_food,no_food_no_drink
minecraft:jungle_fence,non_food,no_food_no_drink
minecraft:jungle_fence_gate,non_food,no_food_no_drink
minecraft:jungle_hanging_sign,non_food,no_food_no_drink
minecraft:jungle_leaves,non_food,no_food_no_drink
minecraft:jungle_log,non_food,no_food_no_drink
minecraft:jungle_planks,non_food,no_food_no_drink
minecraft:jungle_pressure_plate,non_food,no_food_no_drink
minecraft:jungle_sapling,non_food,no_food_no_drink
minecraft:jungle_sign,non_food,no_food_no_drink
minecraft:jungle_slab,non_food,no_food_no_drink
minecraft:jungle_stairs,non_food,no_food_no_drink
minecraft:jungle_trapdoor,non_food,no_food_no_drink
create:jungle_window,non_food,no_food_no_drink
create:jungle_window_pane,non_food,no_food_no_drink
minecraft:jungle_wood,non_food,no_food_no_drink
brewinandchewin:keg,non_food,no_food_no_drink
minecraft:kelp,non_food,no_food_no_drink
farmersdelight:kelp_roll,meal,word_meal
farmersdelight:kelp_roll_slice,meal,word_meal
farm_and_charm:kernels,non_food,no_food_no_drink
brewinandchewin:kimchi,salty,word_salty
brewinandchewin:kippers,salty,word_salty
minecraft:knowledge_book,non_food,no_food_no_drink
brewinandchewin:kombucha,drink_crafted,soft_kombucha
reliquary:kraken_shell,non_food,no_food_no_drink
reliquary:kraken_shell_fragment,non_food,no_food_no_drink
minecraft:ladder,non_food,no_food_no_drink
farm_and_charm:lamb_ham,meat_raw,tag_raw_meat
farm_and_charm:lamb_with_corn,meat_cooked,tag_cooked_meat
minecraft:lantern,non_food,no_food_no_drink
reliquary:lantern_of_paranoia,non_food,no_food_no_drink
minecraft:lapis_block,non_food,no_food_no_drink
minecraft:lapis_lazuli,non_food,no_food_no_drink
minecraft:lapis_ore,non_food,no_food_no_drink
minecraft:large_amethyst_bud,non_food,no_food_no_drink
create:large_cogwheel,non_food,no_food_no_drink
minecraft:large_fern,non_food,no_food_no_drink
create:large_water_wheel,non_food,no_food_no_drink
minecraft:lava_bucket,non_food,no_food_no_drink
herbalbrews:lavender,non_food,no_food_no_drink
herbalbrews:lavender_blossom,non_food,no_food_no_drink
herbalbrews:lavender_tea,drink_simple,word_tea_milk_juice
create:layered_andesite,non_food,no_food_no_drink
create:layered_asurine,non_food,no_food_no_drink
create:layered_calcite,non_food,no_food_no_drink
create:layered_crimsite,non_food,no_food_no_drink
create:layered_deepslate,non_food,no_food_no_drink
create:layered_diorite,non_food,no_food_no_drink
create:layered_dripstone,non_food,no_food_no_drink
create:layered_granite,non_food,no_food_no_drink
create:layered_limestone,non_food,no_food_no_drink
create:layered_ochrum,non_food,no_food_no_drink
create:layered_scorchia,non_food,no_food_no_drink
create:layered_scoria,non_food,no_food_no_drink
create:layered_tuff,non_food,no_food_no_drink
create:layered_veridium,non_food,no_food_no_drink
minecraft:lead,non_food,no_food_no_drink
minecraft:leather,non_food,no_food_no_drink
minecraft:leather_boots,non_food,no_food_no_drink
minecraft:leather_chestplate,non_food,no_food_no_drink
minecraft:leather_helmet,non_food,no_food_no_drink
minecraft:leather_horse_armor,non_food,no_food_no_drink
minecraft:leather_leggings,non_food,no_food_no_drink
minecraft:lectern,non_food,no_food_no_drink
farm_and_charm:lettuce,fresh_produce,tag_fruit_veg
farm_and_charm:lettuce_bag,non_food,no_food_no_drink
farm_and_charm:lettuce_seeds,non_food,no_food_no_drink
minecraft:lever,non_food,no_food_no_drink
minecraft:light,non_food,no_food_no_drink
minecraft:light_blue_banner,non_food,no_food_no_drink
minecraft:light_blue_bed,non_food,no_food_no_drink
minecraft:light_blue_candle,non_food,no_food_no_drink
farmersdelight:light_blue_canvas_sign,non_food,no_food_no_drink
minecraft:light_blue_carpet,non_food,no_food_no_drink
minecraft:light_blue_concrete,non_food,no_food_no_drink
minecraft:light_blue_concrete_powder,non_food,no_food_no_drink
minecraft:light_blue_dye,non_food,no_food_no_drink
minecraft:light_blue_glazed_terracotta,non_food,no_food_no_drink
farmersdelight:light_blue_hanging_canvas_sign,non_food,no_food_no_drink
create:light_blue_postbox,non_food,no_food_no_drink
create:light_blue_seat,non_food,no_food_no_drink
minecraft:light_blue_shulker_box,non_food,no_food_no_drink
minecraft:light_blue_stained_glass,non_food,no_food_no_drink
minecraft:light_blue_stained_glass_pane,non_food,no_food_no_drink
create:light_blue_table_cloth,non_food,no_food_no_drink
minecraft:light_blue_terracotta,non_food,no_food_no_drink
create:light_blue_toolbox,non_food,no_food_no_drink
create:light_blue_valve_handle,non_food,no_food_no_drink
minecraft:light_blue_wool,non_food,no_food_no_drink
minecraft:light_gray_banner,non_food,no_food_no_drink
minecraft:light_gray_bed,non_food,no_food_no_drink
minecraft:light_gray_candle,non_food,no_food_no_drink
farmersdelight:light_gray_canvas_sign,non_food,no_food_no_drink
minecraft:light_gray_carpet,non_food,no_food_no_drink
minecraft:light_gray_concrete,non_food,no_food_no_drink
minecraft:light_gray_concrete_powder,non_food,no_food_no_drink
minecraft:light_gray_dye,non_food,no_food_no_drink
minecraft:light_gray_glazed_terracotta,non_food,no_food_no_drink
farmersdelight:light_gray_hanging_canvas_sign,non_food,no_food_no_drink
create:light_gray_postbox,non_food,no_food_no_drink
create:light_gray_seat,non_food,no_food_no_drink
minecraft:light_gray_shulker_box,non_food,no_food_no_drink
minecraft:light_gray_stained_glass,non_food,no_food_no_drink
minecraft:light_gray_stained_glass_pane,non_food,no_food_no_drink
create:light_gray_table_cloth,non_food,no_food_no_drink
minecraft:light_gray_terracotta,non_food,no_food_no_drink
create:light_gray_toolbox,non_food,no_food_no_drink
create:light_gray_valve_handle,non_food,no_food_no_drink
minecraft:light_gray_wool,non_food,no_food_no_drink
minecraft:light_weighted_pressure_plate,non_food,no_food_no_drink
minecraft:lightning_rod,non_food,no_food_no_drink
minecraft:lilac,non_food,no_food_no_drink
minecraft:lily_of_the_valley,non_food,no_food_no_drink
minecraft:lily_pad,non_food,no_food_no_drink
minecraft:lime_banner,non_food,no_food_no_drink
minecraft:lime_bed,non_food,no_food_no_drink
minecraft:lime_candle,non_food,no_food_no_drink
farmersdelight:lime_canvas_sign,non_food,no_food_no_drink
minecraft:lime_carpet,non_food,no_food_no_drink
minecraft:lime_concrete,non_food,no_food_no_drink
minecraft:lime_concrete_powder,non_food,no_food_no_drink
minecraft:lime_dye,non_food,no_food_no_drink
minecraft:lime_glazed_terracotta,non_food,no_food_no_drink
farmersdelight:lime_hanging_canvas_sign,non_food,no_food_no_drink
create:lime_postbox,non_food,no_food_no_drink
create:lime_seat,non_food,no_food_no_drink
minecraft:lime_shulker_box,non_food,no_food_no_drink
minecraft:lime_stained_glass,non_food,no_food_no_drink
minecraft:lime_stained_glass_pane,non_food,no_food_no_drink
create:lime_table_cloth,non_food,no_food_no_drink
minecraft:lime_terracotta,non_food,no_food_no_drink
create:lime_toolbox,non_food,no_food_no_drink
create:lime_valve_handle,non_food,no_food_no_drink
minecraft:lime_wool,non_food,no_food_no_drink
create:limestone,non_food,no_food_no_drink
create:limestone_pillar,non_food,no_food_no_drink
create:linear_chassis,non_food,no_food_no_drink
minecraft:lingering_potion,non_food,not_a_real_drink
reliquary:lingering_potion,non_food,no_food_no_drink
create:linked_controller,non_food,no_food_no_drink
minecraft:llama_spawn_egg,non_food,no_food_no_drink
minecraft:lodestone,non_food,no_food_no_drink
minecraft:loom,non_food,no_food_no_drink
reliquary:magazines/blaze_magazine,non_food,no_food_no_drink
reliquary:magazines/buster_magazine,non_food,no_food_no_drink
reliquary:magazines/concussive_magazine,non_food,no_food_no_drink
reliquary:magazines/empty_magazine,non_food,no_food_no_drink
reliquary:magazines/ender_magazine,non_food,no_food_no_drink
reliquary:magazines/exorcism_magazine,non_food,no_food_no_drink
reliquary:magazines/neutral_magazine,non_food,no_food_no_drink
reliquary:magazines/sand_magazine,non_food,no_food_no_drink
reliquary:magazines/seeker_magazine,non_food,no_food_no_drink
reliquary:magazines/storm_magazine,non_food,no_food_no_drink
minecraft:magenta_banner,non_food,no_food_no_drink
minecraft:magenta_bed,non_food,no_food_no_drink
minecraft:magenta_candle,non_food,no_food_no_drink
farmersdelight:magenta_canvas_sign,non_food,no_food_no_drink
minecraft:magenta_carpet,non_food,no_food_no_drink
minecraft:magenta_concrete,non_food,no_food_no_drink
minecraft:magenta_concrete_powder,non_food,no_food_no_drink
minecraft:magenta_dye,non_food,no_food_no_drink
minecraft:magenta_glazed_terracotta,non_food,no_food_no_drink
farmersdelight:magenta_hanging_canvas_sign,non_food,no_food_no_drink
create:magenta_postbox,non_food,no_food_no_drink
create:magenta_seat,non_food,no_food_no_drink
minecraft:magenta_shulker_box,non_food,no_food_no_drink
minecraft:magenta_stained_glass,non_food,no_food_no_drink
minecraft:magenta_stained_glass_pane,non_food,no_food_no_drink
create:magenta_table_cloth,non_food,no_food_no_drink
minecraft:magenta_terracotta,non_food,no_food_no_drink
create:magenta_toolbox,non_food,no_food_no_drink
create:magenta_valve_handle,non_food,no_food_no_drink
minecraft:magenta_wool,non_food,no_food_no_drink
reliquary:magicbane,non_food,no_food_no_drink
minecraft:magma_block,non_food,no_food_no_drink
minecraft:magma_cream,non_food,no_food_no_drink
minecraft:magma_cube_spawn_egg,non_food,no_food_no_drink
minecraft:mangrove_boat,non_food,no_food_no_drink
minecraft:mangrove_button,non_food,no_food_no_drink
farmersdelight:mangrove_cabinet,non_food,no_food_no_drink
minecraft:mangrove_chest_boat,non_food,no_food_no_drink
minecraft:mangrove_door,non_food,no_food_no_drink
minecraft:mangrove_fence,non_food,no_food_no_drink
minecraft:mangrove_fence_gate,non_food,no_food_no_drink
minecraft:mangrove_hanging_sign,non_food,no_food_no_drink
minecraft:mangrove_leaves,non_food,no_food_no_drink
minecraft:mangrove_log,non_food,no_food_no_drink
minecraft:mangrove_planks,non_food,no_food_no_drink
minecraft:mangrove_pressure_plate,non_food,no_food_no_drink
minecraft:mangrove_propagule,non_food,no_food_no_drink
minecraft:mangrove_roots,non_food,no_food_no_drink
minecraft:mangrove_sign,non_food,no_food_no_drink
minecraft:mangrove_slab,non_food,no_food_no_drink
minecraft:mangrove_stairs,non_food,no_food_no_drink
minecraft:mangrove_trapdoor,non_food,no_food_no_drink
create:mangrove_window,non_food,no_food_no_drink
create:mangrove_window_pane,non_food,no_food_no_drink
minecraft:mangrove_wood,non_food,no_food_no_drink
minecraft:map,non_food,no_food_no_drink
brewery:mashed_potatoes,meal,word_meal
brewinandchewin:mead,alcohol,tag_alcohol
create:mechanical_arm,non_food,no_food_no_drink
create:mechanical_bearing,non_food,no_food_no_drink
create:mechanical_crafter,non_food,no_food_no_drink
create:mechanical_drill,non_food,no_food_no_drink
create:mechanical_harvester,non_food,no_food_no_drink
create:mechanical_mixer,non_food,no_food_no_drink
create:mechanical_piston,non_food,no_food_no_drink
create:mechanical_plough,non_food,no_food_no_drink
create:mechanical_press,non_food,no_food_no_drink
create:mechanical_pump,non_food,no_food_no_drink
create:mechanical_roller,non_food,no_food_no_drink
create:mechanical_saw,non_food,no_food_no_drink
minecraft:medium_amethyst_bud,non_food,no_food_no_drink
minecraft:melon,non_food,no_food_no_drink
farmersdelight:melon_juice,drink_simple,word_tea_milk_juice
farmersdelight:melon_popsicle,sweet,tag_candy
minecraft:melon_seeds,non_food,no_food_no_drink
minecraft:melon_slice,fresh_produce,word_fresh
reliquary:mercy_cross,non_food,no_food_no_drink
create:metal_bracket,non_food,no_food_no_drink
create:metal_girder,non_food,no_food_no_drink
reliquary:midas_touchstone,non_food,no_food_no_drink
farmersdelight:milk_bottle,drink_simple,tag_drink_juice_milk
minecraft:milk_bucket,drink_simple,tag_drink_juice_milk
herbalbrews:milk_coffee,drink_crafted,word_drink_crafted
miners_delight:milk_cup,drink_simple,tag_drink_juice_milk
create:millstone,non_food,no_food_no_drink
farm_and_charm:minced_beef,meat_raw,tag_raw_meat
farmersdelight:minced_beef,meat_raw,tag_raw_meat
farm_and_charm:mincer,non_food,no_food_no_drink
minecraft:minecart,non_food,no_food_no_drink
create:minecart_contraption,non_food,no_food_no_drink
create:minecart_coupling,non_food,no_food_no_drink
cold_sweat:minecart_insulation,non_food,no_food_no_drink
minecraft:miner_pottery_sherd,non_food,no_food_no_drink
endersdelight:mite_crust,meal,ids_meal
farmersdelight:mixed_salad,meal,word_meal
herbalbrews:mixed_tea_leaf_block,non_food,no_food_no_drink
reliquary:mob_charm,non_food,no_food_no_drink
reliquary:mob_charm_belt,non_food,no_food_no_drink
reliquary:mob_charm_fragment,non_food,no_food_no_drink
minecraft:mojang_banner_pattern,non_food,no_food_no_drink
reliquary:molten_core,non_food,no_food_no_drink
minecraft:mooshroom_spawn_egg,non_food,no_food_no_drink
miners_delight:moss,fresh_produce,ids2_fresh_produce
minecraft:moss_block,non_food,no_food_no_drink
minecraft:moss_carpet,non_food,no_food_no_drink
minecraft:mossy_cobblestone,non_food,no_food_no_drink
minecraft:mossy_cobblestone_slab,non_food,no_food_no_drink
minecraft:mossy_cobblestone_stairs,non_food,no_food_no_drink
minecraft:mossy_cobblestone_wall,non_food,no_food_no_drink
minecraft:mossy_stone_brick_slab,non_food,no_food_no_drink
minecraft:mossy_stone_brick_stairs,non_food,no_food_no_drink
minecraft:mossy_stone_brick_wall,non_food,no_food_no_drink
minecraft:mossy_stone_bricks,non_food,no_food_no_drink
minecraft:mourner_pottery_sherd,non_food,no_food_no_drink
minecraft:mud,non_food,no_food_no_drink
minecraft:mud_brick_slab,non_food,no_food_no_drink
minecraft:mud_brick_stairs,non_food,no_food_no_drink
minecraft:mud_brick_wall,non_food,no_food_no_drink
minecraft:mud_bricks,non_food,no_food_no_drink
minecraft:muddy_mangrove_roots,non_food,no_food_no_drink
minecraft:mule_spawn_egg,non_food,no_food_no_drink
farmersdelight:mushroom_rice,meal,word_meal
minecraft:mushroom_stem,non_food,no_food_no_drink
minecraft:mushroom_stew,stew,tag_stew
miners_delight:mushroom_stew_cup,stew,word_stew
minecraft:music_disc_11,non_food,no_food_no_drink
minecraft:music_disc_13,non_food,no_food_no_drink
minecraft:music_disc_5,non_food,no_food_no_drink
minecraft:music_disc_blocks,non_food,no_food_no_drink
minecraft:music_disc_cat,non_food,no_food_no_drink
minecraft:music_disc_chirp,non_food,no_food_no_drink
minecraft:music_disc_far,non_food,no_food_no_drink
minecraft:music_disc_mall,non_food,no_food_no_drink
minecraft:music_disc_mellohi,non_food,no_food_no_drink
minecraft:music_disc_otherside,non_food,no_food_no_drink
minecraft:music_disc_pigstep,non_food,no_food_no_drink
minecraft:music_disc_relic,non_food,no_food_no_drink
minecraft:music_disc_stal,non_food,no_food_no_drink
minecraft:music_disc_strad,non_food,no_food_no_drink
minecraft:music_disc_wait,non_food,no_food_no_drink
minecraft:music_disc_ward,non_food,no_food_no_drink
minecraft:mutton,meat_raw,tag_raw_meat
farmersdelight:mutton_chops,meat_raw,tag_raw_meat
farmersdelight:mutton_wrap,meal,word_meat_dish
minecraft:mycelium,non_food,no_food_no_drink
create:mysterious_cuckoo_clock,non_food,no_food_no_drink
minecraft:name_tag,non_food,no_food_no_drink
minecraft:nautilus_shell,non_food,no_food_no_drink
reliquary:nebulous_heart,non_food,no_food_no_drink
minecraft:nether_brick,non_food,no_food_no_drink
minecraft:nether_brick_fence,non_food,no_food_no_drink
minecraft:nether_brick_slab,non_food,no_food_no_drink
minecraft:nether_brick_stairs,non_food,no_food_no_drink
minecraft:nether_brick_wall,non_food,no_food_no_drink
minecraft:nether_bricks,non_food,no_food_no_drink
minecraft:nether_gold_ore,non_food,no_food_no_drink
minecraft:nether_quartz_ore,non_food,no_food_no_drink
farmersdelight:nether_salad,meal,word_meal
minecraft:nether_sprouts,non_food,no_food_no_drink
minecraft:nether_star,non_food,no_food_no_drink
minecraft:nether_wart,non_food,no_food_no_drink
minecraft:nether_wart_block,non_food,no_food_no_drink
minecraft:netherite_axe,non_food,no_food_no_drink
create:netherite_backtank,non_food,no_food_no_drink
create:netherite_backtank_placeable,non_food,no_food_no_drink
minecraft:netherite_block,non_food,no_food_no_drink
minecraft:netherite_boots,non_food,no_food_no_drink
brewery:netherite_brewingstation,non_food,no_food_no_drink
minecraft:netherite_chestplate,non_food,no_food_no_drink
create:netherite_diving_boots,non_food,no_food_no_drink
create:netherite_diving_helmet,non_food,no_food_no_drink
minecraft:netherite_helmet,non_food,no_food_no_drink
minecraft:netherite_hoe,non_food,no_food_no_drink
minecraft:netherite_ingot,non_food,no_food_no_drink
farmersdelight:netherite_knife,non_food,no_food_no_drink
minecraft:netherite_leggings,non_food,no_food_no_drink
minecraft:netherite_pickaxe,non_food,no_food_no_drink
minecraft:netherite_scrap,non_food,no_food_no_drink
minecraft:netherite_shovel,non_food,no_food_no_drink
minecraft:netherite_sword,non_food,no_food_no_drink
minecraft:netherite_upgrade_smithing_template,non_food,no_food_no_drink
minecraft:netherrack,non_food,no_food_no_drink
farm_and_charm:nettle_tea,drink_simple,word_tea_milk_juice
farm_and_charm:nettle_tea_cup,drink_simple,word_tea_milk_juice
create:nixie_tube,non_food,no_food_no_drink
farmersdelight:noodle_soup,soup,word_soup
miners_delight:noodle_soup_cup,soup,word_soup
minecraft:note_block,non_food,no_food_no_drink
create:nozzle,non_food,no_food_no_drink
miners_delight:nutritional_bar,meal,food_with_meal_buff
minecraft:oak_boat,non_food,no_food_no_drink
minecraft:oak_button,non_food,no_food_no_drink
farmersdelight:oak_cabinet,non_food,no_food_no_drink
minecraft:oak_chest_boat,non_food,no_food_no_drink
minecraft:oak_door,non_food,no_food_no_drink
minecraft:oak_fence,non_food,no_food_no_drink
minecraft:oak_fence_gate,non_food,no_food_no_drink
minecraft:oak_hanging_sign,non_food,no_food_no_drink
minecraft:oak_leaves,non_food,no_food_no_drink
minecraft:oak_log,non_food,no_food_no_drink
minecraft:oak_planks,non_food,no_food_no_drink
minecraft:oak_pressure_plate,non_food,no_food_no_drink
minecraft:oak_sapling,non_food,no_food_no_drink
minecraft:oak_sign,non_food,no_food_no_drink
minecraft:oak_slab,non_food,no_food_no_drink
minecraft:oak_stairs,non_food,no_food_no_drink
minecraft:oak_trapdoor,non_food,no_food_no_drink
create:oak_window,non_food,no_food_no_drink
create:oak_window_pane,non_food,no_food_no_drink
minecraft:oak_wood,non_food,no_food_no_drink
farm_and_charm:oat,non_food,no_food_no_drink
farm_and_charm:oat_ball,non_food,no_food_no_drink
farm_and_charm:oat_pancake,baked_sweet,word_baked_sweet
farm_and_charm:oat_seeds,non_food,no_food_no_drink
farm_and_charm:oatmeal_with_strawberries,dry,word_dry
minecraft:observer,non_food,no_food_no_drink
minecraft:obsidian,non_food,no_food_no_drink
minecraft:ocelot_spawn_egg,non_food,no_food_no_drink
minecraft:ochre_froglight,non_food,no_food_no_drink
create:ochrum,non_food,no_food_no_drink
create:ochrum_pillar,non_food,no_food_no_drink
farm_and_charm:onion,fresh_produce,tag_fruit_veg
farmersdelight:onion,fresh_produce,tag_fruit_veg
farm_and_charm:onion_bag,non_food,no_food_no_drink
farmersdelight:onion_crate,non_food,no_food_no_drink
farm_and_charm:onion_soup,soup,word_soup
farmersdelight:onion_soup,soup,word_soup
miners_delight:onion_soup_cup,soup,word_soup
herbalbrews:oolong_tea,drink_simple,word_tea_milk_juice
herbalbrews:oolong_tea_leaf_block,non_food,no_food_no_drink
minecraft:orange_banner,non_food,no_food_no_drink
minecraft:orange_bed,non_food,no_food_no_drink
minecraft:orange_candle,non_food,no_food_no_drink
farmersdelight:orange_canvas_sign,non_food,no_food_no_drink
minecraft:orange_carpet,non_food,no_food_no_drink
minecraft:orange_concrete,non_food,no_food_no_drink
minecraft:orange_concrete_powder,non_food,no_food_no_drink
minecraft:orange_dye,non_food,no_food_no_drink
minecraft:orange_glazed_terracotta,non_food,no_food_no_drink
farmersdelight:orange_hanging_canvas_sign,non_food,no_food_no_drink
create:orange_postbox,non_food,no_food_no_drink
create:orange_seat,non_food,no_food_no_drink
minecraft:orange_shulker_box,non_food,no_food_no_drink
minecraft:orange_stained_glass,non_food,no_food_no_drink
minecraft:orange_stained_glass_pane,non_food,no_food_no_drink
create:orange_table_cloth,non_food,no_food_no_drink
minecraft:orange_terracotta,non_food,no_food_no_drink
create:orange_toolbox,non_food,no_food_no_drink
minecraft:orange_tulip,non_food,no_food_no_drink
create:orange_valve_handle,non_food,no_food_no_drink
minecraft:orange_wool,non_food,no_food_no_drink
farmersdelight:organic_compost,non_food,no_food_no_drink
create:ornate_iron_window,non_food,no_food_no_drink
create:ornate_iron_window_pane,non_food,no_food_no_drink
minecraft:oxeye_daisy,non_food,no_food_no_drink
minecraft:oxidized_copper,non_food,no_food_no_drink
create:oxidized_copper_shingle_slab,non_food,no_food_no_drink
create:oxidized_copper_shingle_stairs,non_food,no_food_no_drink
create:oxidized_copper_shingles,non_food,no_food_no_drink
create:oxidized_copper_tile_slab,non_food,no_food_no_drink
create:oxidized_copper_tile_stairs,non_food,no_food_no_drink
create:oxidized_copper_tiles,non_food,no_food_no_drink
minecraft:oxidized_cut_copper,non_food,no_food_no_drink
minecraft:oxidized_cut_copper_slab,non_food,no_food_no_drink
minecraft:oxidized_cut_copper_stairs,non_food,no_food_no_drink
create:package_filter,non_food,no_food_no_drink
create:package_frogport,non_food,no_food_no_drink
create:packager,non_food,no_food_no_drink
minecraft:packed_ice,non_food,no_food_no_drink
minecraft:packed_mud,non_food,no_food_no_drink
minecraft:painting,non_food,no_food_no_drink
brewinandchewin:pale_jane,alcohol,tag_alcohol
minecraft:panda_spawn_egg,non_food,no_food_no_drink
minecraft:paper,non_food,no_food_no_drink
minecraft:parrot_spawn_egg,non_food,no_food_no_drink
farmersdelight:pasta_with_meatballs,meal,word_meal
farmersdelight:pasta_with_mutton_chop,meal,word_meat_dish
farm_and_charm:pasta_with_onion_sauce,meal,word_meal
miners_delight:pasta_with_veggieballs,meal,word_meal
brewery:patterned_carpet,non_food,no_food_no_drink
brewery:patterned_carpet_block,non_food,no_food_no_drink
brewery:patterned_wool,non_food,no_food_no_drink
endersdelight:pearl_pasta,meal,word_meal
minecraft:pearlescent_froglight,non_food,no_food_no_drink
create:peculiar_bell,non_food,no_food_no_drink
reliquary:pedestals/black_pedestal,non_food,no_food_no_drink
reliquary:pedestals/blue_pedestal,non_food,no_food_no_drink
reliquary:pedestals/brown_pedestal,non_food,no_food_no_drink
reliquary:pedestals/cyan_pedestal,non_food,no_food_no_drink
reliquary:pedestals/gray_pedestal,non_food,no_food_no_drink
reliquary:pedestals/green_pedestal,non_food,no_food_no_drink
reliquary:pedestals/light_blue_pedestal,non_food,no_food_no_drink
reliquary:pedestals/light_gray_pedestal,non_food,no_food_no_drink
reliquary:pedestals/lime_pedestal,non_food,no_food_no_drink
reliquary:pedestals/magenta_pedestal,non_food,no_food_no_drink
reliquary:pedestals/orange_pedestal,non_food,no_food_no_drink
reliquary:pedestals/passive/black_passive_pedestal,non_food,no_food_no_drink
reliquary:pedestals/passive/blue_passive_pedestal,non_food,no_food_no_drink
reliquary:pedestals/passive/brown_passive_pedestal,non_food,no_food_no_drink
reliquary:pedestals/passive/cyan_passive_pedestal,non_food,no_food_no_drink
reliquary:pedestals/passive/gray_passive_pedestal,non_food,no_food_no_drink
reliquary:pedestals/passive/green_passive_pedestal,non_food,no_food_no_drink
reliquary:pedestals/passive/light_blue_passive_pedestal,non_food,no_food_no_drink
reliquary:pedestals/passive/light_gray_passive_pedestal,non_food,no_food_no_drink
reliquary:pedestals/passive/lime_passive_pedestal,non_food,no_food_no_drink
reliquary:pedestals/passive/magenta_passive_pedestal,non_food,no_food_no_drink
reliquary:pedestals/passive/orange_passive_pedestal,non_food,no_food_no_drink
reliquary:pedestals/passive/pink_passive_pedestal,non_food,no_food_no_drink
reliquary:pedestals/passive/purple_passive_pedestal,non_food,no_food_no_drink
reliquary:pedestals/passive/red_passive_pedestal,non_food,no_food_no_drink
reliquary:pedestals/passive/white_passive_pedestal,non_food,no_food_no_drink
reliquary:pedestals/passive/yellow_passive_pedestal,non_food,no_food_no_drink
reliquary:pedestals/pink_pedestal,non_food,no_food_no_drink
reliquary:pedestals/purple_pedestal,non_food,no_food_no_drink
reliquary:pedestals/red_pedestal,non_food,no_food_no_drink
reliquary:pedestals/white_pedestal,non_food,no_food_no_drink
reliquary:pedestals/yellow_pedestal,non_food,no_food_no_drink
minecraft:peony,non_food,no_food_no_drink
farm_and_charm:pet_bowl,non_food,no_food_no_drink
minecraft:petrified_oak_slab,non_food,no_food_no_drink
minecraft:phantom_membrane,non_food,no_food_no_drink
minecraft:phantom_spawn_egg,non_food,no_food_no_drink
reliquary:phoenix_down,non_food,no_food_no_drink
brewinandchewin:pickled_pickles,salty,word_salty
farmersdelight:pie_crust,ingredient,ids_ingredient
minecraft:pig_spawn_egg,non_food,no_food_no_drink
minecraft:piglin_banner_pattern,non_food,no_food_no_drink
minecraft:piglin_brute_spawn_egg,non_food,no_food_no_drink
minecraft:piglin_head,non_food,no_food_no_drink
minecraft:piglin_spawn_egg,non_food,no_food_no_drink
minecraft:pillager_spawn_egg,non_food,no_food_no_drink
minecraft:pink_banner,non_food,no_food_no_drink
minecraft:pink_bed,non_food,no_food_no_drink
minecraft:pink_candle,non_food,no_food_no_drink
farmersdelight:pink_canvas_sign,non_food,no_food_no_drink
minecraft:pink_carpet,non_food,no_food_no_drink
minecraft:pink_concrete,non_food,no_food_no_drink
minecraft:pink_concrete_powder,non_food,no_food_no_drink
minecraft:pink_dye,non_food,no_food_no_drink
minecraft:pink_glazed_terracotta,non_food,no_food_no_drink
farmersdelight:pink_hanging_canvas_sign,non_food,no_food_no_drink
minecraft:pink_petals,non_food,no_food_no_drink
create:pink_postbox,non_food,no_food_no_drink
create:pink_seat,non_food,no_food_no_drink
minecraft:pink_shulker_box,non_food,no_food_no_drink
minecraft:pink_stained_glass,non_food,no_food_no_drink
minecraft:pink_stained_glass_pane,non_food,no_food_no_drink
create:pink_table_cloth,non_food,no_food_no_drink
minecraft:pink_terracotta,non_food,no_food_no_drink
create:pink_toolbox,non_food,no_food_no_drink
minecraft:pink_tulip,non_food,no_food_no_drink
create:pink_valve_handle,non_food,no_food_no_drink
minecraft:pink_wool,non_food,no_food_no_drink
minecraft:piston,non_food,no_food_no_drink
create:piston_extension_pole,non_food,no_food_no_drink
minecraft:pitcher_plant,non_food,no_food_no_drink
minecraft:pitcher_pod,non_food,no_food_no_drink
farm_and_charm:pitchfork,non_food,no_food_no_drink
brewinandchewin:pizza,non_food,no_food_no_drink
brewinandchewin:pizza_slice,meal,word_meal
create:placard,non_food,no_food_no_drink
miners_delight:plate_of_fake_meatloaf,meal,word_meal
miners_delight:plate_of_glazed_arachnid_limbs,meal,word_meal
minecraft:player_head,non_food,no_food_no_drink
minecraft:plenty_pottery_sherd,non_food,no_food_no_drink
farm_and_charm:plow,non_food,no_food_no_drink
minecraft:podzol,non_food,no_food_no_drink
minecraft:pointed_dripstone,non_food,no_food_no_drink
minecraft:poisonous_potato,rotten_or_poison,effect_poison
minecraft:polar_bear_spawn_egg,non_food,no_food_no_drink
minecraft:polished_andesite,non_food,no_food_no_drink
minecraft:polished_andesite_slab,non_food,no_food_no_drink
minecraft:polished_andesite_stairs,non_food,no_food_no_drink
minecraft:polished_basalt,non_food,no_food_no_drink
minecraft:polished_blackstone,non_food,no_food_no_drink
minecraft:polished_blackstone_brick_slab,non_food,no_food_no_drink
minecraft:polished_blackstone_brick_stairs,non_food,no_food_no_drink
minecraft:polished_blackstone_brick_wall,non_food,no_food_no_drink
minecraft:polished_blackstone_bricks,non_food,no_food_no_drink
minecraft:polished_blackstone_button,non_food,no_food_no_drink
minecraft:polished_blackstone_pressure_plate,non_food,no_food_no_drink
minecraft:polished_blackstone_slab,non_food,no_food_no_drink
minecraft:polished_blackstone_stairs,non_food,no_food_no_drink
minecraft:polished_blackstone_wall,non_food,no_food_no_drink
create:polished_cut_andesite,non_food,no_food_no_drink
create:polished_cut_andesite_slab,non_food,no_food_no_drink
create:polished_cut_andesite_stairs,non_food,no_food_no_drink
create:polished_cut_andesite_wall,non_food,no_food_no_drink
create:polished_cut_asurine,non_food,no_food_no_drink
create:polished_cut_asurine_slab,non_food,no_food_no_drink
create:polished_cut_asurine_stairs,non_food,no_food_no_drink
create:polished_cut_asurine_wall,non_food,no_food_no_drink
create:polished_cut_calcite,non_food,no_food_no_drink
create:polished_cut_calcite_slab,non_food,no_food_no_drink
create:polished_cut_calcite_stairs,non_food,no_food_no_drink
create:polished_cut_calcite_wall,non_food,no_food_no_drink
create:polished_cut_crimsite,non_food,no_food_no_drink
create:polished_cut_crimsite_slab,non_food,no_food_no_drink
create:polished_cut_crimsite_stairs,non_food,no_food_no_drink
create:polished_cut_crimsite_wall,non_food,no_food_no_drink
create:polished_cut_deepslate,non_food,no_food_no_drink
create:polished_cut_deepslate_slab,non_food,no_food_no_drink
create:polished_cut_deepslate_stairs,non_food,no_food_no_drink
create:polished_cut_deepslate_wall,non_food,no_food_no_drink
create:polished_cut_diorite,non_food,no_food_no_drink
create:polished_cut_diorite_slab,non_food,no_food_no_drink
create:polished_cut_diorite_stairs,non_food,no_food_no_drink
create:polished_cut_diorite_wall,non_food,no_food_no_drink
create:polished_cut_dripstone,non_food,no_food_no_drink
create:polished_cut_dripstone_slab,non_food,no_food_no_drink
create:polished_cut_dripstone_stairs,non_food,no_food_no_drink
create:polished_cut_dripstone_wall,non_food,no_food_no_drink
create:polished_cut_granite,non_food,no_food_no_drink
create:polished_cut_granite_slab,non_food,no_food_no_drink
create:polished_cut_granite_stairs,non_food,no_food_no_drink
create:polished_cut_granite_wall,non_food,no_food_no_drink
create:polished_cut_limestone,non_food,no_food_no_drink
create:polished_cut_limestone_slab,non_food,no_food_no_drink
create:polished_cut_limestone_stairs,non_food,no_food_no_drink
create:polished_cut_limestone_wall,non_food,no_food_no_drink
create:polished_cut_ochrum,non_food,no_food_no_drink
create:polished_cut_ochrum_slab,non_food,no_food_no_drink
create:polished_cut_ochrum_stairs,non_food,no_food_no_drink
create:polished_cut_ochrum_wall,non_food,no_food_no_drink
create:polished_cut_scorchia,non_food,no_food_no_drink
create:polished_cut_scorchia_slab,non_food,no_food_no_drink
create:polished_cut_scorchia_stairs,non_food,no_food_no_drink
create:polished_cut_scorchia_wall,non_food,no_food_no_drink
create:polished_cut_scoria,non_food,no_food_no_drink
create:polished_cut_scoria_slab,non_food,no_food_no_drink
create:polished_cut_scoria_stairs,non_food,no_food_no_drink
create:polished_cut_scoria_wall,non_food,no_food_no_drink
create:polished_cut_tuff,non_food,no_food_no_drink
create:polished_cut_tuff_slab,non_food,no_food_no_drink
create:polished_cut_tuff_stairs,non_food,no_food_no_drink
create:polished_cut_tuff_wall,non_food,no_food_no_drink
create:polished_cut_veridium,non_food,no_food_no_drink
create:polished_cut_veridium_slab,non_food,no_food_no_drink
create:polished_cut_veridium_stairs,non_food,no_food_no_drink
create:polished_cut_veridium_wall,non_food,no_food_no_drink
minecraft:polished_deepslate,non_food,no_food_no_drink
minecraft:polished_deepslate_slab,non_food,no_food_no_drink
minecraft:polished_deepslate_stairs,non_food,no_food_no_drink
minecraft:polished_deepslate_wall,non_food,no_food_no_drink
minecraft:polished_diorite,non_food,no_food_no_drink
minecraft:polished_diorite_slab,non_food,no_food_no_drink
minecraft:polished_diorite_stairs,non_food,no_food_no_drink
minecraft:polished_granite,non_food,no_food_no_drink
minecraft:polished_granite_slab,non_food,no_food_no_drink
minecraft:polished_granite_stairs,non_food,no_food_no_drink
create:polished_rose_quartz,non_food,no_food_no_drink
minecraft:popped_chorus_fruit,non_food,no_food_no_drink
minecraft:poppy,non_food,no_food_no_drink
brewery:pork_knuckle,meat_cooked,tag_cooked_meat
minecraft:porkchop,meat_raw,tag_raw_meat
create:portable_fluid_interface,non_food,no_food_no_drink
create:portable_storage_interface,non_food,no_food_no_drink
minecraft:potato,fresh_produce,tag_fruit_veg
farm_and_charm:potato_bag,non_food,no_food_no_drink
create:potato_cannon,non_food,no_food_no_drink
farmersdelight:potato_crate,non_food,no_food_no_drink
brewery:potato_salad,meal,word_meal
farm_and_charm:potato_soup,soup,word_soup
farm_and_charm:potato_with_roast_meat,meat_cooked,tag_cooked_meat
minecraft:potion,water,water_container
reliquary:potion,drink_crafted,any_other_drink
reliquary:potion_essence,non_food,no_food_no_drink
minecraft:powder_snow_bucket,non_food,no_food_no_drink
miners_delight:powder_snow_cup,non_food,no_food_no_drink
create:powdered_obsidian,non_food,no_food_no_drink
create:powered_latch,non_food,no_food_no_drink
minecraft:powered_rail,non_food,no_food_no_drink
create:powered_toggle_latch,non_food,no_food_no_drink
create:precision_mechanism,non_food,no_food_no_drink
brewery:pretzel,salty,word_salty
minecraft:prismarine,non_food,no_food_no_drink
minecraft:prismarine_brick_slab,non_food,no_food_no_drink
minecraft:prismarine_brick_stairs,non_food,no_food_no_drink
minecraft:prismarine_bricks,non_food,no_food_no_drink
minecraft:prismarine_crystals,non_food,no_food_no_drink
minecraft:prismarine_shard,non_food,no_food_no_drink
minecraft:prismarine_slab,non_food,no_food_no_drink
minecraft:prismarine_stairs,non_food,no_food_no_drink
minecraft:prismarine_wall,non_food,no_food_no_drink
minecraft:prize_pottery_sherd,non_food,no_food_no_drink
create:propeller,non_food,no_food_no_drink
minecraft:pufferfish,rotten_or_poison,effect_poison
minecraft:pufferfish_bucket,non_food,no_food_no_drink
minecraft:pufferfish_spawn_egg,non_food,no_food_no_drink
create:pulp,non_food,no_food_no_drink
create:pulse_extender,non_food,no_food_no_drink
create:pulse_repeater,non_food,no_food_no_drink
create:pulse_timer,non_food,no_food_no_drink
minecraft:pumpkin,non_food,no_food_no_drink
minecraft:pumpkin_pie,baked_sweet,word_baked_sweet
farmersdelight:pumpkin_pie_slice,baked_sweet,manual
minecraft:pumpkin_seeds,non_food,no_food_no_drink
farmersdelight:pumpkin_slice,fresh_produce,word_fresh
farmersdelight:pumpkin_soup,soup,word_soup
miners_delight:pumpkin_soup_cup,soup,word_soup
minecraft:purple_banner,non_food,no_food_no_drink
minecraft:purple_bed,non_food,no_food_no_drink
minecraft:purple_candle,non_food,no_food_no_drink
farmersdelight:purple_canvas_sign,non_food,no_food_no_drink
minecraft:purple_carpet,non_food,no_food_no_drink
minecraft:purple_concrete,non_food,no_food_no_drink
minecraft:purple_concrete_powder,non_food,no_food_no_drink
minecraft:purple_dye,non_food,no_food_no_drink
minecraft:purple_glazed_terracotta,non_food,no_food_no_drink
farmersdelight:purple_hanging_canvas_sign,non_food,no_food_no_drink
create:purple_postbox,non_food,no_food_no_drink
create:purple_seat,non_food,no_food_no_drink
minecraft:purple_shulker_box,non_food,no_food_no_drink
minecraft:purple_stained_glass,non_food,no_food_no_drink
minecraft:purple_stained_glass_pane,non_food,no_food_no_drink
create:purple_table_cloth,non_food,no_food_no_drink
minecraft:purple_terracotta,non_food,no_food_no_drink
create:purple_toolbox,non_food,no_food_no_drink
create:purple_valve_handle,non_food,no_food_no_drink
minecraft:purple_wool,non_food,no_food_no_drink
minecraft:purpur_block,non_food,no_food_no_drink
minecraft:purpur_pillar,non_food,no_food_no_drink
minecraft:purpur_slab,non_food,no_food_no_drink
minecraft:purpur_stairs,non_food,no_food_no_drink
reliquary:pyromancer_staff,non_food,no_food_no_drink
minecraft:quartz,non_food,no_food_no_drink
minecraft:quartz_block,non_food,no_food_no_drink
minecraft:quartz_bricks,non_food,no_food_no_drink
minecraft:quartz_pillar,non_food,no_food_no_drink
minecraft:quartz_slab,non_food,no_food_no_drink
minecraft:quartz_stairs,non_food,no_food_no_drink
brewinandchewin:quiche,non_food,no_food_no_drink
brewinandchewin:quiche_slice,meal,ids_meal
minecraft:rabbit,meat_raw,tag_raw_meat
minecraft:rabbit_foot,non_food,no_food_no_drink
minecraft:rabbit_hide,non_food,no_food_no_drink
minecraft:rabbit_spawn_egg,non_food,no_food_no_drink
minecraft:rabbit_stew,stew,tag_stew
miners_delight:rabbit_stew_cup,stew,word_stew
create:radial_chassis,non_food,no_food_no_drink
minecraft:rail,non_food,no_food_no_drink
create:railway_casing,non_food,no_food_no_drink
minecraft:raiser_armor_trim_smithing_template,non_food,no_food_no_drink
create:rare_creeper_package,non_food,no_food_no_drink
create:rare_darcy_package,non_food,no_food_no_drink
create:rare_evan_package,non_food,no_food_no_drink
create:rare_jinx_package,non_food,no_food_no_drink
create:rare_kryppers_package,non_food,no_food_no_drink
create:rare_simi_package,non_food,no_food_no_drink
create:rare_starlotte_package,non_food,no_food_no_drink
create:rare_thunder_package,non_food,no_food_no_drink
create:rare_up_package,non_food,no_food_no_drink
create:rare_vector_package,non_food,no_food_no_drink
farmersdelight:ratatouille,stew,word_stew
minecraft:ravager_spawn_egg,non_food,no_food_no_drink
minecraft:raw_copper,non_food,no_food_no_drink
minecraft:raw_copper_block,non_food,no_food_no_drink
minecraft:raw_gold,non_food,no_food_no_drink
minecraft:raw_gold_block,non_food,no_food_no_drink
minecraft:raw_iron,non_food,no_food_no_drink
minecraft:raw_iron_block,non_food,no_food_no_drink
farm_and_charm:raw_pasta,ingredient,ids_ingredient
farmersdelight:raw_pasta,ingredient,ids_ingredient
create:raw_zinc,non_food,no_food_no_drink
create:raw_zinc_block,non_food,no_food_no_drink
minecraft:recovery_compass,non_food,no_food_no_drink
minecraft:red_banner,non_food,no_food_no_drink
minecraft:red_bed,non_food,no_food_no_drink
minecraft:red_candle,non_food,no_food_no_drink
farmersdelight:red_canvas_sign,non_food,no_food_no_drink
minecraft:red_carpet,non_food,no_food_no_drink
minecraft:red_concrete,non_food,no_food_no_drink
minecraft:red_concrete_powder,non_food,no_food_no_drink
minecraft:red_dye,non_food,no_food_no_drink
minecraft:red_glazed_terracotta,non_food,no_food_no_drink
farmersdelight:red_hanging_canvas_sign,non_food,no_food_no_drink
minecraft:red_mushroom,non_food,no_food_no_drink
minecraft:red_mushroom_block,non_food,no_food_no_drink
farmersdelight:red_mushroom_colony,non_food,no_food_no_drink
minecraft:red_nether_brick_slab,non_food,no_food_no_drink
minecraft:red_nether_brick_stairs,non_food,no_food_no_drink
minecraft:red_nether_brick_wall,non_food,no_food_no_drink
minecraft:red_nether_bricks,non_food,no_food_no_drink
create:red_postbox,non_food,no_food_no_drink
brewinandchewin:red_rum,alcohol,tag_alcohol
minecraft:red_sand,non_food,no_food_no_drink
create:red_sand_paper,non_food,no_food_no_drink
minecraft:red_sandstone,non_food,no_food_no_drink
minecraft:red_sandstone_slab,non_food,no_food_no_drink
minecraft:red_sandstone_stairs,non_food,no_food_no_drink
minecraft:red_sandstone_wall,non_food,no_food_no_drink
create:red_seat,non_food,no_food_no_drink
minecraft:red_shulker_box,non_food,no_food_no_drink
minecraft:red_stained_glass,non_food,no_food_no_drink
minecraft:red_stained_glass_pane,non_food,no_food_no_drink
create:red_table_cloth,non_food,no_food_no_drink
minecraft:red_terracotta,non_food,no_food_no_drink
create:red_toolbox,non_food,no_food_no_drink
minecraft:red_tulip,non_food,no_food_no_drink
create:red_valve_handle,non_food,no_food_no_drink
minecraft:red_wool,non_food,no_food_no_drink
minecraft:redstone,non_food,no_food_no_drink
minecraft:redstone_block,non_food,no_food_no_drink
create:redstone_contact,non_food,no_food_no_drink
minecraft:redstone_lamp,non_food,no_food_no_drink
create:redstone_link,non_food,no_food_no_drink
minecraft:redstone_ore,non_food,no_food_no_drink
create:redstone_requester,non_food,no_food_no_drink
minecraft:redstone_torch,non_food,no_food_no_drink
create:refined_radiance,non_food,no_food_no_drink
create:refined_radiance_casing,non_food,no_food_no_drink
minecraft:reinforced_deepslate,non_food,no_food_no_drink
reliquary:rending_gale,non_food,no_food_no_drink
create:repackager,non_food,no_food_no_drink
minecraft:repeater,non_food,no_food_no_drink
minecraft:repeating_command_block,non_food,no_food_no_drink
minecraft:respawn_anchor,non_food,no_food_no_drink
minecraft:rib_armor_trim_smithing_template,non_food,no_food_no_drink
reliquary:rib_bone,non_food,no_food_no_drink
farm_and_charm:ribwort_tea,drink_simple,word_tea_milk_juice
farm_and_charm:ribwort_tea_cup,drink_simple,word_tea_milk_juice
farmersdelight:rice,non_food,no_food_no_drink
farmersdelight:rice_bag,non_food,no_food_no_drink
farmersdelight:rice_bale,non_food,no_food_no_drink
farmersdelight:rice_panicle,non_food,no_food_no_drink
farmersdelight:rice_roll_medley_block,non_food,no_food_no_drink
brewinandchewin:rice_wine,alcohol,tag_alcohol
farmersdelight:rich_soil,non_food,no_food_no_drink
farmersdelight:rich_soil_farmland,non_food,no_food_no_drink
farmersdelight:roast_chicken,meal,word_meat_dish
farmersdelight:roast_chicken_block,non_food,no_food_no_drink
farm_and_charm:roasted_chicken,meat_cooked,tag_cooked_meat
farm_and_charm:roasted_corn,meal,word_meal
farmersdelight:roasted_mutton_chops,meat_cooked,word_meat_cooked_by_method
farm_and_charm:roaster,non_food,no_food_no_drink
reliquary:rod_of_lyssa,non_food,no_food_no_drink
herbalbrews:rooibos_leaf,ingredient,ids_ingredient
herbalbrews:rooibos_tea,drink_simple,word_tea_milk_juice
minecraft:rooted_dirt,non_food,no_food_no_drink
brewery:rope,non_food,no_food_no_drink
farmersdelight:rope,non_food,no_food_no_drink
farmersdelight:rope_fence,non_food,no_food_no_drink
farmersdelight:rope_fence_gate,non_food,no_food_no_drink
create:rope_pulley,non_food,no_food_no_drink
minecraft:rose_bush,non_food,no_food_no_drink
create:rose_quartz,non_food,no_food_no_drink
create:rose_quartz_block,non_food,no_food_no_drink
create:rose_quartz_lamp,non_food,no_food_no_drink
create:rose_quartz_tiles,non_food,no_food_no_drink
create:rotation_speed_controller,non_food,no_food_no_drink
minecraft:rotten_flesh,rotten_or_poison,effect_hunger_rotten
farm_and_charm:rotten_tomato,rotten_or_poison,effect_poison
farmersdelight:rotten_tomato,non_food,no_food_no_drink
brewinandchewin:saccharine_rum,alcohol,tag_alcohol
minecraft:saddle,non_food,no_food_no_drink
farmersdelight:safety_net,non_food,no_food_no_drink
create:sail_frame,non_food,no_food_no_drink
reliquary:salamander_eye,non_food,no_food_no_drink
minecraft:salmon,seafood,tag_raw_fish
minecraft:salmon_bucket,non_food,no_food_no_drink
farmersdelight:salmon_roll,meal,word_meat_dish
farmersdelight:salmon_slice,seafood,tag_raw_fish
minecraft:salmon_spawn_egg,non_food,no_food_no_drink
brewinandchewin:salty_folly,alcohol,tag_alcohol
minecraft:sand,non_food,no_food_no_drink
blue_droplets:sand_filter,non_food,no_food_no_drink
create:sand_paper,non_food,no_food_no_drink
minecraft:sandstone,non_food,no_food_no_drink
minecraft:sandstone_slab,non_food,no_food_no_drink
minecraft:sandstone_stairs,non_food,no_food_no_drink
minecraft:sandstone_wall,non_food,no_food_no_drink
farmersdelight:sandy_shrub,non_food,no_food_no_drink
brewery:sausage,meat_cooked,tag_cooked_meat
farm_and_charm:sausage_with_oat_patty,meal,manual
minecraft:scaffolding,non_food,no_food_no_drink
farm_and_charm:scarecrow,non_food,no_food_no_drink
brewinandchewin:scarlet_cheese_wedge,salty,word_salty
brewinandchewin:scarlet_cheese_wheel,non_food,no_food_no_drink
brewinandchewin:scarlet_pierogi,meal,word_meal
create:schedule,non_food,no_food_no_drink
create:schematic,non_food,no_food_no_drink
create:schematic_and_quill,non_food,no_food_no_drink
create:schematic_table,non_food,no_food_no_drink
create:schematicannon,non_food,no_food_no_drink
create:scorchia,non_food,no_food_no_drink
create:scorchia_pillar,non_food,no_food_no_drink
create:scoria,non_food,no_food_no_drink
create:scoria_pillar,non_food,no_food_no_drink
minecraft:sculk,non_food,no_food_no_drink
minecraft:sculk_catalyst,non_food,no_food_no_drink
minecraft:sculk_sensor,non_food,no_food_no_drink
minecraft:sculk_shrieker,non_food,no_food_no_drink
minecraft:sculk_vein,non_food,no_food_no_drink
minecraft:scute,non_food,no_food_no_drink
minecraft:sea_lantern,non_food,no_food_no_drink
minecraft:sea_pickle,non_food,no_food_no_drink
minecraft:seagrass,non_food,no_food_no_drink
oceansdelight:seagrass_salad,meal,word_meal
miners_delight:seasoned_arthropods,meal,food_with_meal_buff
create:secondary_linear_chassis,non_food,no_food_no_drink
minecraft:sentry_armor_trim_smithing_template,non_food,no_food_no_drink
create:sequenced_gearshift,non_food,no_food_no_drink
reliquary:serpent_staff,non_food,no_food_no_drink
cold_sweat:sewing_table,non_food,no_food_no_drink
create:shadow_steel,non_food,no_food_no_drink
create:shadow_steel_casing,non_food,no_food_no_drink
create:shaft,non_food,no_food_no_drink
minecraft:shaper_armor_trim_smithing_template,non_food,no_food_no_drink
minecraft:sheaf_pottery_sherd,non_food,no_food_no_drink
minecraft:shears,non_food,no_food_no_drink
reliquary:shears_of_winter,non_food,no_food_no_drink
minecraft:sheep_spawn_egg,non_food,no_food_no_drink
minecraft:shelter_pottery_sherd,non_food,no_food_no_drink
farmersdelight:shepherds_pie,meal,word_savory_pie
farmersdelight:shepherds_pie_block,non_food,no_food_no_drink
minecraft:shield,non_food,no_food_no_drink
create:shopping_list,non_food,no_food_no_drink
minecraft:shroomlight,non_food,no_food_no_drink
endersdelight:shulker_bowl,non_food,no_food_no_drink
minecraft:shulker_box,non_food,no_food_no_drink
endersdelight:shulker_filet,meat_raw,manual
endersdelight:shulker_mollusk,meat_raw,manual
minecraft:shulker_shell,non_food,no_food_no_drink
minecraft:shulker_spawn_egg,non_food,no_food_no_drink
brewery:sideboard,non_food,no_food_no_drink
endersdelight:sight_fragment,non_food,no_food_no_drink
minecraft:silence_armor_trim_smithing_template,non_food,no_food_no_drink
farm_and_charm:silo_copper,non_food,no_food_no_drink
farm_and_charm:silo_wood,non_food,no_food_no_drink
miners_delight:silverfish_eggs,meal,word_meal
minecraft:silverfish_spawn_egg,non_food,no_food_no_drink
farm_and_charm:simple_tomato_soup,soup,word_soup
minecraft:skeleton_horse_spawn_egg,non_food,no_food_no_drink
minecraft:skeleton_skull,non_food,no_food_no_drink
minecraft:skeleton_spawn_egg,non_food,no_food_no_drink
farmersdelight:skillet,non_food,no_food_no_drink
minecraft:skull_banner_pattern,non_food,no_food_no_drink
minecraft:skull_pottery_sherd,non_food,no_food_no_drink
minecraft:slime_ball,non_food,no_food_no_drink
minecraft:slime_block,non_food,no_food_no_drink
reliquary:slime_pearl,non_food,no_food_no_drink
minecraft:slime_spawn_egg,non_food,no_food_no_drink
cold_sweat:slush_bucket,non_food,no_food_no_drink
minecraft:small_amethyst_bud,non_food,no_food_no_drink
create:small_andesite_brick_slab,non_food,no_food_no_drink
create:small_andesite_brick_stairs,non_food,no_food_no_drink
create:small_andesite_brick_wall,non_food,no_food_no_drink
create:small_andesite_bricks,non_food,no_food_no_drink
create:small_asurine_brick_slab,non_food,no_food_no_drink
create:small_asurine_brick_stairs,non_food,no_food_no_drink
create:small_asurine_brick_wall,non_food,no_food_no_drink
create:small_asurine_bricks,non_food,no_food_no_drink
create:small_calcite_brick_slab,non_food,no_food_no_drink
create:small_calcite_brick_stairs,non_food,no_food_no_drink
create:small_calcite_brick_wall,non_food,no_food_no_drink
create:small_calcite_bricks,non_food,no_food_no_drink
create:small_crimsite_brick_slab,non_food,no_food_no_drink
create:small_crimsite_brick_stairs,non_food,no_food_no_drink
create:small_crimsite_brick_wall,non_food,no_food_no_drink
create:small_crimsite_bricks,non_food,no_food_no_drink
create:small_deepslate_brick_slab,non_food,no_food_no_drink
create:small_deepslate_brick_stairs,non_food,no_food_no_drink
create:small_deepslate_brick_wall,non_food,no_food_no_drink
create:small_deepslate_bricks,non_food,no_food_no_drink
create:small_diorite_brick_slab,non_food,no_food_no_drink
create:small_diorite_brick_stairs,non_food,no_food_no_drink
create:small_diorite_brick_wall,non_food,no_food_no_drink
create:small_diorite_bricks,non_food,no_food_no_drink
minecraft:small_dripleaf,non_food,no_food_no_drink
create:small_dripstone_brick_slab,non_food,no_food_no_drink
create:small_dripstone_brick_stairs,non_food,no_food_no_drink
create:small_dripstone_brick_wall,non_food,no_food_no_drink
create:small_dripstone_bricks,non_food,no_food_no_drink
create:small_granite_brick_slab,non_food,no_food_no_drink
create:small_granite_brick_stairs,non_food,no_food_no_drink
create:small_granite_brick_wall,non_food,no_food_no_drink
create:small_granite_bricks,non_food,no_food_no_drink
create:small_limestone_brick_slab,non_food,no_food_no_drink
create:small_limestone_brick_stairs,non_food,no_food_no_drink
create:small_limestone_brick_wall,non_food,no_food_no_drink
create:small_limestone_bricks,non_food,no_food_no_drink
create:small_ochrum_brick_slab,non_food,no_food_no_drink
create:small_ochrum_brick_stairs,non_food,no_food_no_drink
create:small_ochrum_brick_wall,non_food,no_food_no_drink
create:small_ochrum_bricks,non_food,no_food_no_drink
create:small_rose_quartz_tiles,non_food,no_food_no_drink
create:small_scorchia_brick_slab,non_food,no_food_no_drink
create:small_scorchia_brick_stairs,non_food,no_food_no_drink
create:small_scorchia_brick_wall,non_food,no_food_no_drink
create:small_scorchia_bricks,non_food,no_food_no_drink
create:small_scoria_brick_slab,non_food,no_food_no_drink
create:small_scoria_brick_stairs,non_food,no_food_no_drink
create:small_scoria_brick_wall,non_food,no_food_no_drink
create:small_scoria_bricks,non_food,no_food_no_drink
create:small_tuff_brick_slab,non_food,no_food_no_drink
create:small_tuff_brick_stairs,non_food,no_food_no_drink
create:small_tuff_brick_wall,non_food,no_food_no_drink
create:small_tuff_bricks,non_food,no_food_no_drink
create:small_veridium_brick_slab,non_food,no_food_no_drink
create:small_veridium_brick_stairs,non_food,no_food_no_drink
create:small_veridium_brick_wall,non_food,no_food_no_drink
create:small_veridium_bricks,non_food,no_food_no_drink
create:smart_chute,non_food,no_food_no_drink
create:smart_fluid_pipe,non_food,no_food_no_drink
minecraft:smithing_table,non_food,no_food_no_drink
miners_delight:smoked_bat_wing,salty,word_salty
farmersdelight:smoked_ham,salty,word_salty
minecraft:smoker,non_food,no_food_no_drink
cold_sweat:smokestack,non_food,no_food_no_drink
minecraft:smooth_basalt,non_food,no_food_no_drink
minecraft:smooth_quartz,non_food,no_food_no_drink
minecraft:smooth_quartz_slab,non_food,no_food_no_drink
minecraft:smooth_quartz_stairs,non_food,no_food_no_drink
minecraft:smooth_red_sandstone,non_food,no_food_no_drink
minecraft:smooth_red_sandstone_slab,non_food,no_food_no_drink
minecraft:smooth_red_sandstone_stairs,non_food,no_food_no_drink
minecraft:smooth_sandstone,non_food,no_food_no_drink
minecraft:smooth_sandstone_slab,non_food,no_food_no_drink
minecraft:smooth_sandstone_stairs,non_food,no_food_no_drink
minecraft:smooth_stone,non_food,no_food_no_drink
minecraft:smooth_stone_slab,non_food,no_food_no_drink
minecraft:sniffer_egg,non_food,no_food_no_drink
minecraft:sniffer_spawn_egg,non_food,no_food_no_drink
minecraft:snort_pottery_sherd,non_food,no_food_no_drink
minecraft:snout_armor_trim_smithing_template,non_food,no_food_no_drink
minecraft:snow,non_food,no_food_no_drink
minecraft:snow_block,non_food,no_food_no_drink
minecraft:snow_golem_spawn_egg,non_food,no_food_no_drink
minecraft:snowball,non_food,no_food_no_drink
reliquary:sojourner_staff,non_food,no_food_no_drink
minecraft:soul_campfire,non_food,no_food_no_drink
minecraft:soul_lantern,non_food,no_food_no_drink
minecraft:soul_sand,non_food,no_food_no_drink
minecraft:soul_soil,non_food,no_food_no_drink
cold_sweat:soul_sprout,ingredient,ids_ingredient
minecraft:soul_torch,non_food,no_food_no_drink
cold_sweat:soulspring_lamp,non_food,no_food_no_drink
minecraft:spawner,non_food,no_food_no_drink
minecraft:spectral_arrow,non_food,no_food_no_drink
create:speedometer,non_food,no_food_no_drink
minecraft:spider_eye,rotten_or_poison,effect_poison
miners_delight:spider_leg,meat_raw,tag_raw_meat
minecraft:spider_spawn_egg,non_food,no_food_no_drink
minecraft:spire_armor_trim_smithing_template,non_food,no_food_no_drink
minecraft:splash_potion,non_food,not_a_real_drink
reliquary:splash_potion,non_food,no_food_no_drink
minecraft:sponge,non_food,no_food_no_drink
minecraft:spore_blossom,non_food,no_food_no_drink
create:spout,non_food,no_food_no_drink
minecraft:spruce_boat,non_food,no_food_no_drink
minecraft:spruce_button,non_food,no_food_no_drink
farmersdelight:spruce_cabinet,non_food,no_food_no_drink
minecraft:spruce_chest_boat,non_food,no_food_no_drink
minecraft:spruce_door,non_food,no_food_no_drink
minecraft:spruce_fence,non_food,no_food_no_drink
minecraft:spruce_fence_gate,non_food,no_food_no_drink
minecraft:spruce_hanging_sign,non_food,no_food_no_drink
minecraft:spruce_leaves,non_food,no_food_no_drink
minecraft:spruce_log,non_food,no_food_no_drink
minecraft:spruce_planks,non_food,no_food_no_drink
minecraft:spruce_pressure_plate,non_food,no_food_no_drink
minecraft:spruce_sapling,non_food,no_food_no_drink
minecraft:spruce_sign,non_food,no_food_no_drink
minecraft:spruce_slab,non_food,no_food_no_drink
minecraft:spruce_stairs,non_food,no_food_no_drink
minecraft:spruce_trapdoor,non_food,no_food_no_drink
create:spruce_window,non_food,no_food_no_drink
create:spruce_window_pane,non_food,no_food_no_drink
minecraft:spruce_wood,non_food,no_food_no_drink
minecraft:spyglass,non_food,no_food_no_drink
miners_delight:squid,seafood,tag_raw_fish
reliquary:squid_beak,non_food,no_food_no_drink
farmersdelight:squid_ink_pasta,meal,word_meat_dish
oceansdelight:squid_rings,seafood,word_seafood
miners_delight:squid_sandwich,meal,word_meat_dish
minecraft:squid_spawn_egg,non_food,no_food_no_drink
farmersdelight:steak_and_potatoes,meal,word_meat_dish
endersdelight:steak_fries,salty,word_salty
create:steam_engine,non_food,no_food_no_drink
create:steam_whistle,non_food,no_food_no_drink
brewinandchewin:steel_toe_stout,alcohol,tag_alcohol
minecraft:stick,non_food,no_food_no_drink
create:sticker,non_food,no_food_no_drink
miners_delight:sticky_basket,non_food,no_food_no_drink
create:sticky_mechanical_piston,non_food,no_food_no_drink
minecraft:sticky_piston,non_food,no_food_no_drink
create:stock_link,non_food,no_food_no_drink
create:stock_ticker,non_food,no_food_no_drink
create:stockpile_switch,non_food,no_food_no_drink
minecraft:stone,non_food,no_food_no_drink
minecraft:stone_axe,non_food,no_food_no_drink
minecraft:stone_brick_slab,non_food,no_food_no_drink
minecraft:stone_brick_stairs,non_food,no_food_no_drink
minecraft:stone_brick_wall,non_food,no_food_no_drink
minecraft:stone_bricks,non_food,no_food_no_drink
minecraft:stone_button,non_food,no_food_no_drink
minecraft:stone_hoe,non_food,no_food_no_drink
minecraft:stone_pickaxe,non_food,no_food_no_drink
minecraft:stone_pressure_plate,non_food,no_food_no_drink
minecraft:stone_shovel,non_food,no_food_no_drink
minecraft:stone_slab,non_food,no_food_no_drink
minecraft:stone_stairs,non_food,no_food_no_drink
minecraft:stone_sword,non_food,no_food_no_drink
minecraft:stonecutter,non_food,no_food_no_drink
farm_and_charm:stove,non_food,no_food_no_drink
farmersdelight:stove,non_food,no_food_no_drink
herbalbrews:stove,non_food,no_food_no_drink
endersdelight:strange_eclair,baked_sweet,word_baked_sweet
farmersdelight:straw,non_food,no_food_no_drink
farmersdelight:straw_bale,non_food,no_food_no_drink
farm_and_charm:strawberry,fresh_produce,tag_fruit_veg
farm_and_charm:strawberry_bag,non_food,no_food_no_drink
farm_and_charm:strawberry_seeds,non_food,no_food_no_drink
farm_and_charm:strawberry_tea,drink_simple,word_tea_milk_juice
farm_and_charm:strawberry_tea_cup,drink_simple,word_tea_milk_juice
minecraft:stray_spawn_egg,non_food,no_food_no_drink
create:stressometer,non_food,no_food_no_drink
minecraft:strider_spawn_egg,non_food,no_food_no_drink
minecraft:string,non_food,no_food_no_drink
minecraft:stripped_acacia_log,non_food,no_food_no_drink
minecraft:stripped_acacia_wood,non_food,no_food_no_drink
minecraft:stripped_bamboo_block,non_food,no_food_no_drink
minecraft:stripped_birch_log,non_food,no_food_no_drink
minecraft:stripped_birch_wood,non_food,no_food_no_drink
minecraft:stripped_cherry_log,non_food,no_food_no_drink
minecraft:stripped_cherry_wood,non_food,no_food_no_drink
minecraft:stripped_crimson_hyphae,non_food,no_food_no_drink
minecraft:stripped_crimson_stem,non_food,no_food_no_drink
minecraft:stripped_dark_oak_log,non_food,no_food_no_drink
minecraft:stripped_dark_oak_wood,non_food,no_food_no_drink
minecraft:stripped_jungle_log,non_food,no_food_no_drink
minecraft:stripped_jungle_wood,non_food,no_food_no_drink
minecraft:stripped_mangrove_log,non_food,no_food_no_drink
minecraft:stripped_mangrove_wood,non_food,no_food_no_drink
minecraft:stripped_oak_log,non_food,no_food_no_drink
minecraft:stripped_oak_wood,non_food,no_food_no_drink
minecraft:stripped_spruce_log,non_food,no_food_no_drink
minecraft:stripped_spruce_wood,non_food,no_food_no_drink
minecraft:stripped_warped_hyphae,non_food,no_food_no_drink
minecraft:stripped_warped_stem,non_food,no_food_no_drink
brewinandchewin:strongroot_ale,alcohol,tag_alcohol
minecraft:structure_block,non_food,no_food_no_drink
minecraft:structure_void,non_food,no_food_no_drink
farm_and_charm:stuffed_chicken,meat_cooked,tag_cooked_meat
oceansdelight:stuffed_cod,meal,word_meat_dish
farmersdelight:stuffed_potato,meal,word_meal
farmersdelight:stuffed_pumpkin,meal,word_meal
farmersdelight:stuffed_pumpkin_block,non_food,no_food_no_drink
farm_and_charm:stuffed_rabbit,meal,word_meat_dish
endersdelight:stuffed_shulker,non_food,no_food_no_drink
endersdelight:stuffed_shulker_bowl,meal,word_meal
miners_delight:stuffed_squid,non_food,no_food_no_drink
create:sturdy_sheet,non_food,no_food_no_drink
minecraft:sugar,non_food,no_food_no_drink
minecraft:sugar_cane,non_food,no_food_no_drink
minecraft:sunflower,non_food,no_food_no_drink
create:super_glue,non_food,no_food_no_drink
farm_and_charm:supply_cart,non_food,no_food_no_drink
minecraft:suspicious_gravel,non_food,no_food_no_drink
minecraft:suspicious_sand,non_food,no_food_no_drink
minecraft:suspicious_stew,stew,word_stew
minecraft:sweet_berries,fresh_produce,manual
farmersdelight:sweet_berry_cheesecake,non_food,no_food_no_drink
farmersdelight:sweet_berry_cheesecake_slice,baked_sweet,manual
farmersdelight:sweet_berry_cookie,baked_sweet,manual
brewinandchewin:sweet_berry_jam,sweet,word_jam
create:sweet_roll,baked_sweet,ids_baked
brewery:table,non_food,no_food_no_drink
minecraft:tadpole_bucket,non_food,no_food_no_drink
minecraft:tadpole_spawn_egg,non_food,no_food_no_drink
miners_delight:takoyaki,meal,ids2_meal
minecraft:tall_grass,non_food,no_food_no_drink
brewinandchewin:tankard,non_food,no_food_no_drink
minecraft:target,non_food,no_food_no_drink
farmersdelight:tatami,non_food,no_food_no_drink
herbalbrews:tea_blossom,ingredient,ids_ingredient
herbalbrews:tea_kettle,non_food,no_food_no_drink
herbalbrews:tea_leaf_crate,non_food,no_food_no_drink
oceansdelight:tentacle_on_a_stick,seafood,word_seafood
miners_delight:tentacles,seafood,tag_raw_fish
oceansdelight:tentacles,seafood,word_seafood
miners_delight:tentacles_on_a_stick,seafood,word_seafood
minecraft:terracotta,non_food,no_food_no_drink
blue_droplets:terracotta_bowl,non_food,no_food_no_drink
blue_droplets:terracotta_water_bowl,water,water_container
cold_sweat:thermolith,non_food,no_food_no_drink
cold_sweat:thermometer,non_food,no_food_no_drink
minecraft:tide_armor_trim_smithing_template,non_food,no_food_no_drink
create:tiled_glass,non_food,no_food_no_drink
create:tiled_glass_pane,non_food,no_food_no_drink
minecraft:tinted_glass,non_food,no_food_no_drink
minecraft:tipped_arrow,non_food,no_food_no_drink
reliquary:tipped_arrow,non_food,no_food_no_drink
minecraft:tnt,non_food,no_food_no_drink
minecraft:tnt_minecart,non_food,no_food_no_drink
farm_and_charm:tomato,fresh_produce,tag_fruit_veg
farmersdelight:tomato,fresh_produce,tag_fruit_veg
farm_and_charm:tomato_bag,non_food,no_food_no_drink
farmersdelight:tomato_crate,non_food,no_food_no_drink
farmersdelight:tomato_sauce,ingredient,word_ingredient
farm_and_charm:tomato_seeds,non_food,no_food_no_drink
farmersdelight:tomato_seeds,non_food,no_food_no_drink
farm_and_charm:tool_rack,non_food,no_food_no_drink
herbalbrews:top_hat,non_food,no_food_no_drink
minecraft:torch,non_food,no_food_no_drink
minecraft:torchflower,non_food,no_food_no_drink
minecraft:torchflower_seeds,non_food,no_food_no_drink
minecraft:totem_of_undying,non_food,no_food_no_drink
create:track,non_food,no_food_no_drink
create:track_observer,non_food,no_food_no_drink
create:track_signal,non_food,no_food_no_drink
create:track_station,non_food,no_food_no_drink
minecraft:trader_llama_spawn_egg,non_food,no_food_no_drink
create:train_door,non_food,no_food_no_drink
create:train_trapdoor,non_food,no_food_no_drink
create:transmitter,non_food,no_food_no_drink
minecraft:trapped_chest,non_food,no_food_no_drink
farmersdelight:tree_bark,non_food,no_food_no_drink
create:tree_fertilizer,non_food,no_food_no_drink
minecraft:trident,non_food,no_food_no_drink
minecraft:tripwire_hook,non_food,no_food_no_drink
minecraft:tropical_fish,seafood,tag_raw_fish
minecraft:tropical_fish_bucket,non_food,no_food_no_drink
minecraft:tropical_fish_spawn_egg,non_food,no_food_no_drink
minecraft:tube_coral,non_food,no_food_no_drink
minecraft:tube_coral_block,non_food,no_food_no_drink
minecraft:tube_coral_fan,non_food,no_food_no_drink
minecraft:tuff,non_food,no_food_no_drink
create:tuff_pillar,non_food,no_food_no_drink
create:turntable,non_food,no_food_no_drink
minecraft:turtle_egg,non_food,no_food_no_drink
minecraft:turtle_helmet,non_food,no_food_no_drink
minecraft:turtle_spawn_egg,non_food,no_food_no_drink
reliquary:twilight_cloak,non_food,no_food_no_drink
endersdelight:twisted_cereal,dry,word_dry
minecraft:twisting_vines,non_food,no_food_no_drink
endersdelight:uncanny_cookies,baked_sweet,word_baked_sweet
create:unprocessed_obsidian_sheet,non_food,no_food_no_drink
brewinandchewin:unripe_flaxen_cheese_wheel,non_food,no_food_no_drink
brewinandchewin:unripe_scarlet_cheese_wheel,non_food,no_food_no_drink
miners_delight:vegan_hamburger,meal,ids2_meal
miners_delight:vegan_patty,meal,ids2_meal
miners_delight:vegan_steak_and_potatoes,meal,word_meat_dish
miners_delight:vegan_wrap,meal,word_meal
farmersdelight:vegetable_noodles,meal,word_meal
brewinandchewin:vegetable_omelet,meal,word_meal
farmersdelight:vegetable_soup,soup,word_soup
miners_delight:vegetable_soup_cup,soup,word_soup
endersdelight:veil_of_flames_risotto,stew,word_stew
minecraft:verdant_froglight,non_food,no_food_no_drink
create:veridium,non_food,no_food_no_drink
create:veridium_pillar,non_food,no_food_no_drink
create:vertical_framed_glass,non_food,no_food_no_drink
create:vertical_framed_glass_pane,non_food,no_food_no_drink
create:vertical_gearbox,non_food,no_food_no_drink
minecraft:vex_armor_trim_smithing_template,non_food,no_food_no_drink
minecraft:vex_spawn_egg,non_food,no_food_no_drink
minecraft:villager_spawn_egg,non_food,no_food_no_drink
minecraft:vindicator_spawn_egg,non_food,no_food_no_drink
minecraft:vine,non_food,no_food_no_drink
brewinandchewin:vodka,alcohol,tag_alcohol
reliquary:void_tear,non_food,no_food_no_drink
endersdelight:voidpepper,non_food,no_food_no_drink
brewery:wall_cabinet,non_food,no_food_no_drink
create:wand_of_symmetry,non_food,no_food_no_drink
minecraft:wandering_trader_spawn_egg,non_food,no_food_no_drink
minecraft:ward_armor_trim_smithing_template,non_food,no_food_no_drink
minecraft:warden_spawn_egg,non_food,no_food_no_drink
minecraft:warped_button,non_food,no_food_no_drink
farmersdelight:warped_cabinet,non_food,no_food_no_drink
minecraft:warped_door,non_food,no_food_no_drink
minecraft:warped_fence,non_food,no_food_no_drink
minecraft:warped_fence_gate,non_food,no_food_no_drink
minecraft:warped_fungus,non_food,no_food_no_drink
minecraft:warped_fungus_on_a_stick,non_food,no_food_no_drink
minecraft:warped_hanging_sign,non_food,no_food_no_drink
minecraft:warped_hyphae,non_food,no_food_no_drink
minecraft:warped_nylium,non_food,no_food_no_drink
minecraft:warped_planks,non_food,no_food_no_drink
minecraft:warped_pressure_plate,non_food,no_food_no_drink
minecraft:warped_roots,non_food,no_food_no_drink
minecraft:warped_sign,non_food,no_food_no_drink
minecraft:warped_slab,non_food,no_food_no_drink
minecraft:warped_stairs,non_food,no_food_no_drink
minecraft:warped_stem,non_food,no_food_no_drink
minecraft:warped_trapdoor,non_food,no_food_no_drink
minecraft:warped_wart_block,non_food,no_food_no_drink
create:warped_window,non_food,no_food_no_drink
create:warped_window_pane,non_food,no_food_no_drink
minecraft:water_bucket,water,water_container
miners_delight:water_cup,non_food,manual
farm_and_charm:water_sprinkler,non_food,no_food_no_drink
create:water_wheel,non_food,no_food_no_drink
cold_sweat:waterskin,non_food,no_food_no_drink
minecraft:waxed_copper_block,non_food,no_food_no_drink
create:waxed_copper_shingle_slab,non_food,no_food_no_drink
create:waxed_copper_shingle_stairs,non_food,no_food_no_drink
create:waxed_copper_shingles,non_food,no_food_no_drink
create:waxed_copper_tile_slab,non_food,no_food_no_drink
create:waxed_copper_tile_stairs,non_food,no_food_no_drink
create:waxed_copper_tiles,non_food,no_food_no_drink
minecraft:waxed_cut_copper,non_food,no_food_no_drink
minecraft:waxed_cut_copper_slab,non_food,no_food_no_drink
minecraft:waxed_cut_copper_stairs,non_food,no_food_no_drink
minecraft:waxed_exposed_copper,non_food,no_food_no_drink
create:waxed_exposed_copper_shingle_slab,non_food,no_food_no_drink
create:waxed_exposed_copper_shingle_stairs,non_food,no_food_no_drink
create:waxed_exposed_copper_shingles,non_food,no_food_no_drink
create:waxed_exposed_copper_tile_slab,non_food,no_food_no_drink
create:waxed_exposed_copper_tile_stairs,non_food,no_food_no_drink
create:waxed_exposed_copper_tiles,non_food,no_food_no_drink
minecraft:waxed_exposed_cut_copper,non_food,no_food_no_drink
minecraft:waxed_exposed_cut_copper_slab,non_food,no_food_no_drink
minecraft:waxed_exposed_cut_copper_stairs,non_food,no_food_no_drink
minecraft:waxed_oxidized_copper,non_food,no_food_no_drink
create:waxed_oxidized_copper_shingle_slab,non_food,no_food_no_drink
create:waxed_oxidized_copper_shingle_stairs,non_food,no_food_no_drink
create:waxed_oxidized_copper_shingles,non_food,no_food_no_drink
create:waxed_oxidized_copper_tile_slab,non_food,no_food_no_drink
create:waxed_oxidized_copper_tile_stairs,non_food,no_food_no_drink
create:waxed_oxidized_copper_tiles,non_food,no_food_no_drink
minecraft:waxed_oxidized_cut_copper,non_food,no_food_no_drink
minecraft:waxed_oxidized_cut_copper_slab,non_food,no_food_no_drink
minecraft:waxed_oxidized_cut_copper_stairs,non_food,no_food_no_drink
minecraft:waxed_weathered_copper,non_food,no_food_no_drink
create:waxed_weathered_copper_shingle_slab,non_food,no_food_no_drink
create:waxed_weathered_copper_shingle_stairs,non_food,no_food_no_drink
create:waxed_weathered_copper_shingles,non_food,no_food_no_drink
create:waxed_weathered_copper_tile_slab,non_food,no_food_no_drink
create:waxed_weathered_copper_tile_stairs,non_food,no_food_no_drink
create:waxed_weathered_copper_tiles,non_food,no_food_no_drink
minecraft:waxed_weathered_cut_copper,non_food,no_food_no_drink
minecraft:waxed_weathered_cut_copper_slab,non_food,no_food_no_drink
minecraft:waxed_weathered_cut_copper_stairs,non_food,no_food_no_drink
minecraft:wayfinder_armor_trim_smithing_template,non_food,no_food_no_drink
minecraft:weathered_copper,non_food,no_food_no_drink
create:weathered_copper_shingle_slab,non_food,no_food_no_drink
create:weathered_copper_shingle_stairs,non_food,no_food_no_drink
create:weathered_copper_shingles,non_food,no_food_no_drink
create:weathered_copper_tile_slab,non_food,no_food_no_drink
create:weathered_copper_tile_stairs,non_food,no_food_no_drink
create:weathered_copper_tiles,non_food,no_food_no_drink
minecraft:weathered_cut_copper,non_food,no_food_no_drink
minecraft:weathered_cut_copper_slab,non_food,no_food_no_drink
minecraft:weathered_cut_copper_stairs,non_food,no_food_no_drink
create:weathered_iron_block,non_food,no_food_no_drink
create:weathered_iron_window,non_food,no_food_no_drink
create:weathered_iron_window_pane,non_food,no_food_no_drink
minecraft:weeping_vines,non_food,no_food_no_drink
create:weighted_ejector,non_food,no_food_no_drink
miners_delight:weird_caviar,salty,word_salty
minecraft:wet_sponge,non_food,no_food_no_drink
minecraft:wheat,non_food,no_food_no_drink
farmersdelight:wheat_dough,ingredient,word_ingredient
create:wheat_flour,non_food,no_food_no_drink
minecraft:wheat_seeds,non_food,no_food_no_drink
create:whisk,non_food,no_food_no_drink
brewery:whiskey_ak,alcohol,word_alcohol
brewery:whiskey_carrasconlabel,alcohol,word_alcohol
brewery:whiskey_cristelwalker,alcohol,word_alcohol
brewery:whiskey_highland_hearth,alcohol,word_alcohol
brewery:whiskey_jamesons_malt,alcohol,word_alcohol
brewery:whiskey_jojannik,alcohol,word_alcohol
brewery:whiskey_lilitusinglemalt,alcohol,word_alcohol
brewery:whiskey_maggoallan,alcohol,word_alcohol
brewery:whiskey_smokey_reverie,alcohol,word_alcohol
minecraft:white_banner,non_food,no_food_no_drink
minecraft:white_bed,non_food,no_food_no_drink
minecraft:white_candle,non_food,no_food_no_drink
farmersdelight:white_canvas_sign,non_food,no_food_no_drink
minecraft:white_carpet,non_food,no_food_no_drink
minecraft:white_concrete,non_food,no_food_no_drink
minecraft:white_concrete_powder,non_food,no_food_no_drink
minecraft:white_dye,non_food,no_food_no_drink
minecraft:white_glazed_terracotta,non_food,no_food_no_drink
farmersdelight:white_hanging_canvas_sign,non_food,no_food_no_drink
create:white_postbox,non_food,no_food_no_drink
create:white_sail,non_food,no_food_no_drink
create:white_seat,non_food,no_food_no_drink
minecraft:white_shulker_box,non_food,no_food_no_drink
minecraft:white_stained_glass,non_food,no_food_no_drink
minecraft:white_stained_glass_pane,non_food,no_food_no_drink
create:white_table_cloth,non_food,no_food_no_drink
minecraft:white_terracotta,non_food,no_food_no_drink
create:white_toolbox,non_food,no_food_no_drink
minecraft:white_tulip,non_food,no_food_no_drink
create:white_valve_handle,non_food,no_food_no_drink
minecraft:white_wool,non_food,no_food_no_drink
minecraft:wild_armor_trim_smithing_template,non_food,no_food_no_drink
farm_and_charm:wild_barley,non_food,no_food_no_drink
farm_and_charm:wild_beetroots,non_food,no_food_no_drink
farmersdelight:wild_beetroots,non_food,no_food_no_drink
farmersdelight:wild_cabbages,non_food,no_food_no_drink
farm_and_charm:wild_carrots,non_food,no_food_no_drink
farmersdelight:wild_carrots,non_food,no_food_no_drink
miners_delight:wild_cave_carrots,non_food,no_food_no_drink
herbalbrews:wild_coffee_plant,non_food,no_food_no_drink
farm_and_charm:wild_corn,non_food,no_food_no_drink
farm_and_charm:wild_emmer,non_food,no_food_no_drink
farm_and_charm:wild_lettuce,non_food,no_food_no_drink
farm_and_charm:wild_nettle,non_food,no_food_no_drink
farm_and_charm:wild_oat,non_food,no_food_no_drink
farm_and_charm:wild_onions,non_food,no_food_no_drink
farmersdelight:wild_onions,non_food,no_food_no_drink
farm_and_charm:wild_potatoes,non_food,no_food_no_drink
farmersdelight:wild_potatoes,non_food,no_food_no_drink
farm_and_charm:wild_ribwort,non_food,no_food_no_drink
farmersdelight:wild_rice,non_food,no_food_no_drink
herbalbrews:wild_rooibos_plant,non_food,no_food_no_drink
farm_and_charm:wild_strawberries,non_food,no_food_no_drink
farm_and_charm:wild_tomatoes,non_food,no_food_no_drink
farmersdelight:wild_tomatoes,non_food,no_food_no_drink
herbalbrews:wild_yerba_mate_plant,non_food,no_food_no_drink
create:windmill_bearing,non_food,no_food_no_drink
farm_and_charm:window_sill,non_food,no_food_no_drink
herbalbrews:witch_hat,non_food,no_food_no_drink
reliquary:witch_hat,non_food,no_food_no_drink
minecraft:witch_spawn_egg,non_food,no_food_no_drink
minecraft:wither_rose,non_food,no_food_no_drink
minecraft:wither_skeleton_skull,non_food,no_food_no_drink
minecraft:wither_skeleton_spawn_egg,non_food,no_food_no_drink
minecraft:wither_spawn_egg,non_food,no_food_no_drink
reliquary:withered_rib,non_food,no_food_no_drink
brewinandchewin:withering_dross,alcohol,tag_alcohol
reliquary:witherless_rose,non_food,no_food_no_drink
minecraft:wolf_spawn_egg,non_food,no_food_no_drink
minecraft:wooden_axe,non_food,no_food_no_drink
farmersdelight:wooden_basket,non_food,no_food_no_drink
create:wooden_bracket,non_food,no_food_no_drink
brewery:wooden_brewingstation,non_food,no_food_no_drink
minecraft:wooden_hoe,non_food,no_food_no_drink
minecraft:wooden_pickaxe,non_food,no_food_no_drink
minecraft:wooden_shovel,non_food,no_food_no_drink
minecraft:wooden_sword,non_food,no_food_no_drink
reliquary:wraith_node,non_food,no_food_no_drink
create:wrench,non_food,no_food_no_drink
minecraft:writable_book,non_food,no_food_no_drink
minecraft:written_book,non_food,no_food_no_drink
farm_and_charm:yeast,non_food,no_food_no_drink
minecraft:yellow_banner,non_food,no_food_no_drink
minecraft:yellow_bed,non_food,no_food_no_drink
minecraft:yellow_candle,non_food,no_food_no_drink
farmersdelight:yellow_canvas_sign,non_food,no_food_no_drink
minecraft:yellow_carpet,non_food,no_food_no_drink
minecraft:yellow_concrete,non_food,no_food_no_drink
minecraft:yellow_concrete_powder,non_food,no_food_no_drink
minecraft:yellow_dye,non_food,no_food_no_drink
minecraft:yellow_glazed_terracotta,non_food,no_food_no_drink
farmersdelight:yellow_hanging_canvas_sign,non_food,no_food_no_drink
create:yellow_postbox,non_food,no_food_no_drink
create:yellow_seat,non_food,no_food_no_drink
minecraft:yellow_shulker_box,non_food,no_food_no_drink
minecraft:yellow_stained_glass,non_food,no_food_no_drink
minecraft:yellow_stained_glass_pane,non_food,no_food_no_drink
create:yellow_table_cloth,non_food,no_food_no_drink
minecraft:yellow_terracotta,non_food,no_food_no_drink
create:yellow_toolbox,non_food,no_food_no_drink
create:yellow_valve_handle,non_food,no_food_no_drink
minecraft:yellow_wool,non_food,no_food_no_drink
herbalbrews:yerba_mate_leaf,ingredient,ids_ingredient
herbalbrews:yerba_mate_tea,drink_simple,word_tea_milk_juice
create:zinc_block,non_food,no_food_no_drink
create:zinc_ingot,non_food,no_food_no_drink
create:zinc_nugget,non_food,no_food_no_drink
create:zinc_ore,non_food,no_food_no_drink
minecraft:zoglin_spawn_egg,non_food,no_food_no_drink
minecraft:zombie_head,non_food,no_food_no_drink
reliquary:zombie_heart,non_food,no_food_no_drink
minecraft:zombie_horse_spawn_egg,non_food,no_food_no_drink
minecraft:zombie_spawn_egg,non_food,no_food_no_drink
minecraft:zombie_villager_spawn_egg,non_food,no_food_no_drink
minecraft:zombified_piglin_spawn_egg,non_food,no_food_no_drink
