id,mod,is_drink,nutrition,saturation,effects,always_edible,current_thirst,current_quenched,tags
farmersdelight:acacia_cabinet,farmersdelight,false,,,,,,,farmersdelight:cabinets;farmersdelight:cabinets/wooden
extradelight:acacia_counter_cabinet,extradelight,false,,,,,,,
extradelight:acacia_dried_corn_fence,extradelight,false,,,,,,,
extradelight:acacia_food_display,extradelight,false,,,,,,,
extradelight:acacia_half_cabinet,extradelight,false,,,,,,,
extradelight:acacia_knife_block,extradelight,false,,,,,,,
extradelight:acacia_molded_black_wallpaper,extradelight,false,,,,,,,
extradelight:acacia_molded_blue_wallpaper,extradelight,false,,,,,,,
extradelight:acacia_molded_brown_wallpaper,extradelight,false,,,,,,,
extradelight:acacia_molded_cyan_wallpaper,extradelight,false,,,,,,,
extradelight:acacia_molded_gray_wallpaper,extradelight,false,,,,,,,
extradelight:acacia_molded_green_wallpaper,extradelight,false,,,,,,,
extradelight:acacia_molded_light_blue_wallpaper,extradelight,false,,,,,,,
extradelight:acacia_molded_light_gray_wallpaper,extradelight,false,,,,,,,
extradelight:acacia_molded_lime_wallpaper,extradelight,false,,,,,,,
extradelight:acacia_molded_magenta_wallpaper,extradelight,false,,,,,,,
extradelight:acacia_molded_orange_wallpaper,extradelight,false,,,,,,,
extradelight:acacia_molded_pink_wallpaper,extradelight,false,,,,,,,
extradelight:acacia_molded_purple_wallpaper,extradelight,false,,,,,,,
extradelight:acacia_molded_red_wallpaper,extradelight,false,,,,,,,
extradelight:acacia_molded_white_wallpaper,extradelight,false,,,,,,,
extradelight:acacia_molded_yellow_wallpaper,extradelight,false,,,,,,,
extradelight:acacia_sink,extradelight,false,,,,,,,
extradelight:acacia_spice_rack,extradelight,false,,,,,,,
extradelight:acacia_spice_rack_full,extradelight,false,,,,,,,
extradelight:acacia_step_stool,extradelight,false,,,,,,,
extradelight:acacia_wreath,extradelight,false,,,,,,,
extradelight:aebleflaesk,extradelight,false,8,6.40,"farmersdelight:nourishment,3600,0,1.00",false,,,create:upright_on_belt;salt:can_be_salted
extradelight:affogato,extradelight,false,6,7.20,,false,,,create:upright_on_belt;toughasnails:cooling_consumed_items
extradelight:agar_agar,extradelight,false,,,,,,,c:animal_foods;c:gelatin;minecraft:frog_food
extradelight:agar_sheets,extradelight,false,,,,,,,
extradelight:aglio_e_olio,extradelight,false,11,13.20,"farmersdelight:comfort,3600,0,1.00;farmersdelight:nourishment,600,0,1.00",false,,,create:upright_on_belt
extradelight:aioli_jar_item,extradelight,true,3,2.40,,false,,,c:condiments;c:condiments/aioli;create:upright_on_belt
extradelight:alfredo_sauce,extradelight,false,8,9.60,,false,,,c:alfredo_sauce;create:upright_on_belt
endersdelight:amberveil,endersdelight,false,,,,,,,
endersdelight:amberveil_stew,endersdelight,false,4,4.00,"minecraft:regeneration,600,0,1.00;minecraft:speed,2400,0,1.00",false,,,
endersdelight:amberveiled_curry,endersdelight,false,5,5.00,"minecraft:absorption,3600,0,1.00;minecraft:speed,2400,0,1.00",false,,,
extradelight:apple_cheesecake,extradelight,false,,,,,,,create:upright_on_belt
extradelight:apple_cheesecake_slice,extradelight,false,3,1.80,"minecraft:speed,600,0,1.00",false,,,
extradelight:apple_chips,extradelight,false,1,0.60,,false,,,
farmersdelight:apple_cider,farmersdelight,true,0,0.00,"minecraft:absorption,1200,0,1.00",true,8,13,c:drinks;create:upright_on_belt;farmersdelight:drinks
extradelight:apple_cider_fluid_bucket,extradelight,false,,,,,,,
extradelight:apple_cookie,extradelight,false,2,0.40,,false,,,c:foods;c:foods/cookie
extradelight:apple_cookie_block_item,extradelight,false,,,,,,,
extradelight:apple_cookie_dough,extradelight,false,1,0.20,,false,,,c:cookie_dough
extradelight:apple_crate,extradelight,false,,,,,,,c:storage_blocks;c:storage_blocks_apple
extradelight:apple_crisp,extradelight,false,6,7.20,"farmersdelight:comfort,3600,0,1.00",false,,,create:upright_on_belt
extradelight:apple_crisp_feast,extradelight,false,,,,,,,
extradelight:apple_custard,extradelight,false,7,8.40,,true,,,c:foods/custard
extradelight:apple_fritters,extradelight,false,10,8.00,"farmersdelight:comfort,3600,0,1.00",false,,,create:upright_on_belt
extradelight:apple_ice_cream,extradelight,false,6,7.20,,true,,,c:ice_cream;create:upright_on_belt;toughasnails:cooling_consumed_items
brewinandchewin:apple_jelly,brewinandchewin,true,10,12.00,,false,,,c:foods
extradelight:apple_leaves,extradelight,false,,,,,,,
extradelight:apple_milkshake,extradelight,true,,,,,,,create:upright_on_belt;toughasnails:drinks;toughasnails:thirst/2_thirst_drinks
extradelight:apple_petal_litter_item,extradelight,false,,,,,,,
farmersdelight:apple_pie,farmersdelight,false,,,,,,,c:foods;c:foods/edible_when_placed;create:upright_on_belt;farmersdelight:pies
farmersdelight:apple_pie_slice,farmersdelight,false,3,1.80,"minecraft:speed,600,0,1.00",false,,,c:foods;c:foods/pie;farmersdelight:sweets
extradelight:apple_popsicle,extradelight,false,3,1.20,,true,,,toughasnails:cooling_consumed_items
extradelight:apple_sapling,extradelight,false,,,,,,,minecraft:saplings;sereneseasons:autumn_crops;sereneseasons:spring_crops;sereneseasons:summer_crops
extradelight:apple_sauce,extradelight,false,4,2.40,,false,,,create:upright_on_belt
extradelight:apple_slaw,extradelight,false,7,8.40,,false,,,create:upright_on_belt;salt:can_be_salted
extradelight:apple_wreath,extradelight,false,,,,,,,
extradelight:azalea_wreath,extradelight,false,,,,,,,
farm_and_charm:bacon,farm_and_charm,false,3,1.80,,false,,,brewinandchewin:foods/jerky_meat;c:foods;c:foods/raw_meat;c:raw_bacon;c:raw_pork;farm_and_charm:raw_bacon;farm_and_charm:raw_pork;origins:meat
farmersdelight:bacon,farmersdelight,false,2,1.20,,false,,,brewinandchewin:foods/jerky_meat;c:animal_foods;c:foods;c:foods/raw_bacon;c:foods/raw_meat;c:foods/raw_pork;minecraft:meat;minecraft:wolf_food
farmersdelight:bacon_and_eggs,farmersdelight,false,10,12.00,"farmersdelight:nourishment,1200,0,1.00",false,,,c:foods;create:upright_on_belt;farmersdelight:meals;origins:meat
extradelight:bacon_cheeseburger,extradelight,false,19,30.40,"farmersdelight:comfort,3600,0,1.00;extradelight:pickled,6000,0,1.00",false,,,salt:can_be_salted
extradelight:bacon_egg_cheese_sandwich,extradelight,false,16,25.60,,false,,,salt:can_be_salted
extradelight:bacon_egg_pie,extradelight,false,,,,,,,create:upright_on_belt
extradelight:bacon_egg_pie_slice,extradelight,false,4,3.20,"farmersdelight:nourishment,3600,0,1.00;farmersdelight:comfort,600,0,1.00",false,,,salt:can_be_salted
extradelight:bacon_egg_sandwich,extradelight,false,12,19.20,,false,,,salt:can_be_salted
farmersdelight:bacon_sandwich,farmersdelight,false,10,16.00,,false,,,c:foods;farmersdelight:snacks
farm_and_charm:bacon_with_eggs,farm_and_charm,false,6,0.70,"farm_and_charm:sustenance,3600,0,1.00",true,,,c:cooked_pork;c:foods;c:foods/cooked_meat;farm_and_charm:cooked_pork;origins:meat
extradelight:bad_food,extradelight,false,2,0.40,"minecraft:nausea,1200,0,1.00",false,,,create:upright_on_belt;salt:can_be_salted
extradelight:baked_alaska_item,extradelight,false,,,,,,,create:upright_on_belt
extradelight:baked_alaska_serving,extradelight,false,3,3.60,"farmersdelight:comfort,3600,0,1.00",false,,,
extradelight:baked_cod_item,extradelight,false,,,,,,,
extradelight:baked_cod_serving,extradelight,false,6,3.60,"farmersdelight:nourishment,3600,0,1.00;farmersdelight:comfort,600,0,0.00",false,,,create:upright_on_belt
farmersdelight:baked_cod_stew,farmersdelight,false,14,21.00,"farmersdelight:nourishment,6000,0,1.00",false,4,5,c:foods;c:foods/soup;create:upright_on_belt;farmersdelight:meals
farm_and_charm:baked_lamb_ham,farm_and_charm,false,8,0.90,"farm_and_charm:feast,4800,0,1.00",false,,,c:cooked_mutton;c:foods;c:foods/cooked_meat;farm_and_charm:cooked_mutton;origins:meat
oceansdelight:baked_tentacle_on_a_stick,oceansdelight,false,6,7.20,,false,,,
extradelight:baking_stone,extradelight,false,,,,,,,extradelight:baking_trays
farmersdelight:bamboo_basket,farmersdelight,false,,,,,,,
farmersdelight:bamboo_cabinet,farmersdelight,false,,,,,,,farmersdelight:cabinets;farmersdelight:cabinets/wooden
extradelight:bamboo_counter_cabinet,extradelight,false,,,,,,,
extradelight:bamboo_dried_corn_fence,extradelight,false,,,,,,,
extradelight:bamboo_food_display,extradelight,false,,,,,,,
extradelight:bamboo_half_cabinet,extradelight,false,,,,,,,
extradelight:bamboo_knife_block,extradelight,false,,,,,,,
extradelight:bamboo_molded_black_wallpaper,extradelight,false,,,,,,,
extradelight:bamboo_molded_blue_wallpaper,extradelight,false,,,,,,,
extradelight:bamboo_molded_brown_wallpaper,extradelight,false,,,,,,,
extradelight:bamboo_molded_cyan_wallpaper,extradelight,false,,,,,,,
extradelight:bamboo_molded_gray_wallpaper,extradelight,false,,,,,,,
extradelight:bamboo_molded_green_wallpaper,extradelight,false,,,,,,,
extradelight:bamboo_molded_light_blue_wallpaper,extradelight,false,,,,,,,
extradelight:bamboo_molded_light_gray_wallpaper,extradelight,false,,,,,,,
extradelight:bamboo_molded_lime_wallpaper,extradelight,false,,,,,,,
extradelight:bamboo_molded_magenta_wallpaper,extradelight,false,,,,,,,
extradelight:bamboo_molded_orange_wallpaper,extradelight,false,,,,,,,
extradelight:bamboo_molded_pink_wallpaper,extradelight,false,,,,,,,
extradelight:bamboo_molded_purple_wallpaper,extradelight,false,,,,,,,
extradelight:bamboo_molded_red_wallpaper,extradelight,false,,,,,,,
extradelight:bamboo_molded_white_wallpaper,extradelight,false,,,,,,,
extradelight:bamboo_molded_yellow_wallpaper,extradelight,false,,,,,,,
extradelight:bamboo_sink,extradelight,false,,,,,,,
extradelight:bamboo_spice_rack,extradelight,false,,,,,,,
extradelight:bamboo_spice_rack_full,extradelight,false,,,,,,,
extradelight:bamboo_step_stool,extradelight,false,,,,,,,
brewery:bar_counter,brewery,false,,,,,,,
extradelight:bar_mold,extradelight,false,,,,,,,
farmersdelight:barbecue_stick,farmersdelight,false,8,14.40,,false,,,c:foods;farmersdelight:snacks
farm_and_charm:barley,farm_and_charm,false,,,,,,,c:crops;c:crops/barley;c:grain;c:grains;c:grains/barleys;farm_and_charm:barley;farm_and_charm:crops;farm_and_charm:grain
farm_and_charm:barley_ball,farm_and_charm,false,,,,,,,
farm_and_charm:barley_patties_with_potatoes,farm_and_charm,false,5,0.90,"farm_and_charm:satiation,4800,0,1.00",true,,,
farm_and_charm:barley_seeds,farm_and_charm,false,,,,,,,brewery:seeds;c:seeds;farm_and_charm:feeding_trough_food;farm_and_charm:seeds;minecraft:villager_plantable_seeds
farm_and_charm:barley_soup,farm_and_charm,false,5,0.80,"farm_and_charm:rested,3000,0,1.00",true,,,c:foods;c:foods/soup;create:upright_on_belt
brewery:barrel_main,brewery,false,,,,,,,
extradelight:bbq_fluid_bucket,extradelight,false,,,,,,,
extradelight:bbq_jar_item,extradelight,true,1,0.80,,false,,,c:condiments;c:condiments/bbq_sauce;c:condiments/bbqsauce;create:upright_on_belt
extradelight:bbq_ribs,extradelight,false,8,12.80,"farmersdelight:comfort,3600,0,1.00",false,,,create:upright_on_belt;salt:can_be_salted
extradelight:bbq_ribs_block_item,extradelight,false,,,,,,,
extradelight:beef_bulgogi,extradelight,false,8,9.60,"farmersdelight:comfort,6000,0,1.00;farmersdelight:nourishment,3600,0,1.00",false,,,create:upright_on_belt
farmersdelight:beef_patty,farmersdelight,false,4,6.40,,false,,,brewinandchewin:foods/pizza_topping;c:animal_foods;c:beef/ground/cooked;c:foods;c:foods/cooked_beef;c:foods/cooked_meat;c:ground_meat/cooked;minecraft:meat;minecraft:wolf_food
farm_and_charm:beef_patty_with_vegetables,farm_and_charm,false,6,0.80,"farm_and_charm:sustenance,4800,0,1.00",true,,,c:cooked_beef;c:foods;c:foods/cooked_meat;farm_and_charm:cooked_beef;origins:meat
farmersdelight:beef_stew,farmersdelight,false,12,19.20,"farmersdelight:nourishment,3600,0,1.00",false,4,5,c:foods;c:foods/soup;create:upright_on_belt;farmersdelight:meals
extradelight:beef_stew_feast,extradelight,false,,,,,,,
extradelight:beef_stew_rice,extradelight,false,18,28.80,"farmersdelight:comfort,6000,0,1.00",false,,,create:upright_on_belt;salt:can_be_salted;toughasnails:heating_consumed_items
extradelight:beef_wellington,extradelight,false,7,11.20,"farmersdelight:comfort,3600,0,1.00;farmersdelight:nourishment,3600,0,1.00",false,,,create:upright_on_belt;salt:can_be_salted
extradelight:beef_wellington_block_item,extradelight,false,,,,,,,
brewinandchewin:beer,brewinandchewin,true,0,0.00,"brewinandchewin:tipsy,2400,0,1.00;brewinandchewin:intoxication,1800,0,1.00",true,10,14,brewinandchewin:fermented_drinks;origins:ignore_diet
brewery:beer_barley,brewery,true,2,4.00,,false,,,brewery:beer;brewery:small_bottle;vinery:large_bottle
brewery:beer_elemental_spawn_egg,brewery,false,,,,,,,
brewery:beer_haley,brewery,true,2,4.00,,false,,,brewery:beer;brewery:small_bottle;vinery:large_bottle
brewery:beer_hops,brewery,true,2,4.00,,false,,,brewery:beer;brewery:small_bottle;vinery:large_bottle
brewery:beer_mug,brewery,false,,,,,,,
brewery:beer_nettle,brewery,true,2,4.00,,false,,,brewery:beer;brewery:small_bottle;vinery:large_bottle
brewery:beer_oat,brewery,true,2,4.00,,false,,,brewery:beer;brewery:small_bottle;vinery:large_bottle
brewery:beer_wheat,brewery,true,2,4.00,,false,,,brewery:beer;brewery:small_bottle;vinery:large_bottle
extradelight:beet_mint_salad,extradelight,false,4,4.80,,false,,,create:upright_on_belt;salt:can_be_salted
farm_and_charm:beetroot_bag,farm_and_charm,false,,,,,,,
farmersdelight:beetroot_crate,farmersdelight,false,,,,,,,c:storage_blocks;c:storage_blocks/beetroot
brewery:bench,brewery,false,,,,,,,
farmersdelight:birch_cabinet,farmersdelight,false,,,,,,,farmersdelight:cabinets;farmersdelight:cabinets/wooden
extradelight:birch_counter_cabinet,extradelight,false,,,,,,,
extradelight:birch_dried_corn_fence,extradelight,false,,,,,,,
extradelight:birch_food_display,extradelight,false,,,,,,,
extradelight:birch_half_cabinet,extradelight,false,,,,,,,
extradelight:birch_knife_block,extradelight,false,,,,,,,
extradelight:birch_molded_black_wallpaper,extradelight,false,,,,,,,
extradelight:birch_molded_blue_wallpaper,extradelight,false,,,,,,,
extradelight:birch_molded_brown_wallpaper,extradelight,false,,,,,,,
extradelight:birch_molded_cyan_wallpaper,extradelight,false,,,,,,,
extradelight:birch_molded_gray_wallpaper,extradelight,false,,,,,,,
extradelight:birch_molded_green_wallpaper,extradelight,false,,,,,,,
extradelight:birch_molded_light_blue_wallpaper,extradelight,false,,,,,,,
extradelight:birch_molded_light_gray_wallpaper,extradelight,false,,,,,,,
extradelight:birch_molded_lime_wallpaper,extradelight,false,,,,,,,
extradelight:birch_molded_magenta_wallpaper,extradelight,false,,,,,,,
extradelight:birch_molded_orange_wallpaper,extradelight,false,,,,,,,
extradelight:birch_molded_pink_wallpaper,extradelight,false,,,,,,,
extradelight:birch_molded_purple_wallpaper,extradelight,false,,,,,,,
extradelight:birch_molded_red_wallpaper,extradelight,false,,,,,,,
extradelight:birch_molded_white_wallpaper,extradelight,false,,,,,,,
extradelight:birch_molded_yellow_wallpaper,extradelight,false,,,,,,,
extradelight:birch_sink,extradelight,false,,,,,,,
extradelight:birch_spice_rack,extradelight,false,,,,,,,
extradelight:birch_spice_rack_full,extradelight,false,,,,,,,
extradelight:birch_step_stool,extradelight,false,,,,,,,
extradelight:birch_wreath,extradelight,false,,,,,,,
farmersdelight:black_canvas_sign,farmersdelight,false,,,,,,,farmersdelight:canvas_signs;minecraft:signs
extradelight:black_chocolate_box,extradelight,false,,,,,,,c:dyed;c:dyed/black
extradelight:black_forest_trifle,extradelight,false,4,0.80,"farmersdelight:comfort,3600,0,1.00",false,,,create:upright_on_belt
extradelight:black_forest_trifle_block,extradelight,false,,,,,,,
farmersdelight:black_hanging_canvas_sign,farmersdelight,false,,,,,,,farmersdelight:hanging_canvas_signs;minecraft:hanging_signs
extradelight:black_picnic_basket,extradelight,false,,,,,,,
herbalbrews:black_tea,herbalbrews,true,2,1.60,,true,,,
herbalbrews:black_tea_leaf_block,herbalbrews,false,,,,,,,
extradelight:blondie,extradelight,false,2,2.40,"farmersdelight:comfort,3600,0,1.00",false,,,
extradelight:blondies_block,extradelight,false,,,,,,,
extradelight:blood_chocolate_bar,extradelight,false,4,0.80,"minecraft:absorption,1200,0,1.00;farmersdelight:comfort,600,0,1.00",false,,,c:chocolate/bar;c:chocolate/blood/bar;extradelight:chocolate_box_valid;salt:can_be_salted
extradelight:blood_chocolate_block,extradelight,false,,,,,,,c:block/blood_chocolate;c:block/chocolate;c:storage_blocks;c:storage_blocks_blood_chocolate_bar
extradelight:blood_chocolate_chips,extradelight,false,0,0.00,"minecraft:absorption,1200,0,1.00;farmersdelight:comfort,600,0,1.00",false,,,c:chocolate/blood/chips;c:chocolate/chips;extradelight:chocolate_bar_filling
extradelight:blood_chocolate_dipped_apple_slice,extradelight,false,4,2.40,"farmersdelight:comfort,600,0,1.00",true,,,
extradelight:blood_chocolate_dipped_bacon,extradelight,false,2,1.20,"farmersdelight:comfort,600,0,1.00",true,,,
extradelight:blood_chocolate_dipped_coffee_bean,extradelight,false,2,0.40,"farmersdelight:comfort,600,0,1.00;minecraft:speed,600,0,1.00",true,,,
extradelight:blood_chocolate_dipped_glow_berry,extradelight,false,2,0.40,"farmersdelight:comfort,600,0,1.00;minecraft:glowing,1200,0,1.00",true,,,
extradelight:blood_chocolate_dipped_graham_cracker,extradelight,false,2,1.60,"farmersdelight:comfort,600,0,1.00",true,,,
extradelight:blood_chocolate_dipped_marshmallow,extradelight,false,1,0.80,"farmersdelight:comfort,600,0,1.00",true,,,
extradelight:blood_chocolate_dipped_sweet_berry,extradelight,false,2,0.40,"farmersdelight:comfort,600,0,1.00",true,,,
extradelight:blood_chocolate_door,extradelight,false,,,,,,,minecraft:doors
extradelight:blood_chocolate_fence,extradelight,false,,,,,,,minecraft:fences
extradelight:blood_chocolate_fence_gate,extradelight,false,,,,,,,minecraft:fence_gates
extradelight:blood_chocolate_filled_bar,extradelight,false,6,1.20,"minecraft:absorption,1200,0,1.00;farmersdelight:comfort,3600,0,1.00",false,,,c:chocolate/bar/filled;c:chocolate/blood/bar/filled;extradelight:chocolate_box_valid;salt:can_be_salted
extradelight:blood_chocolate_fondue_block,extradelight,false,,,,,,,
extradelight:blood_chocolate_pillar,extradelight,false,,,,,,,
extradelight:blood_chocolate_slab,extradelight,false,,,,,,,minecraft:slabs
extradelight:blood_chocolate_stairs,extradelight,false,,,,,,,minecraft:stairs
extradelight:blood_chocolate_syrup_bottle,extradelight,false,4,0.80,"minecraft:absorption,1200,0,1.00;farmersdelight:comfort,600,0,1.00",false,,,c:liquid_chocolate;create:upright_on_belt
extradelight:blood_chocolate_syrup_fluid_bucket,extradelight,false,,,,,,,
extradelight:blood_chocolate_trapdoor,extradelight,false,,,,,,,minecraft:trapdoors
extradelight:blood_chocolate_truffle,extradelight,false,0,0.00,"minecraft:absorption,1200,0,1.00;farmersdelight:comfort,600,0,1.00",false,,,c:chocolate/blood/truffle;c:chocolate/truffle;extradelight:chocolate_box_valid;salt:can_be_salted
brewinandchewin:bloody_mary,brewinandchewin,true,0,0.00,"brewinandchewin:tipsy,2400,1,1.00;brewinandchewin:intoxication,1800,0,1.00;brewinandchewin:raging,1200,0,1.00",true,12,22,brewinandchewin:fermented_drinks;origins:ignore_diet
farmersdelight:blue_canvas_sign,farmersdelight,false,,,,,,,farmersdelight:canvas_signs;minecraft:signs
extradelight:blue_chocolate_box,extradelight,false,,,,,,,c:dyed;c:dyed/blue
farmersdelight:blue_hanging_canvas_sign,farmersdelight,false,,,,,,,farmersdelight:hanging_canvas_signs;minecraft:hanging_signs
extradelight:blue_picnic_basket,extradelight,false,,,,,,,
extradelight:boiled_egg,extradelight,false,4,3.20,,false,,,c:eggs/boiled;c:foods;c:foods/cooked_egg;extradelight:riceball_filling;salt:can_be_salted
farmersdelight:bone_broth,farmersdelight,true,8,11.20,"farmersdelight:nourishment,1200,0,1.00",false,,,c:foods;c:foods/soup;create:upright_on_belt;extradelight:broth;farmersdelight:meals
extradelight:borscht,extradelight,false,5,7.00,"farmersdelight:comfort,3600,0,1.00;farmersdelight:nourishment,3600,0,1.00",false,,,create:upright_on_belt;salt:can_be_salted;toughasnails:heating_consumed_items
oceansdelight:bowl_of_guardian_soup,oceansdelight,false,15,24.00,"farmersdelight:comfort,3600,0,1.00",false,,,
oceansdelight:braised_sea_pickle,oceansdelight,false,8,8.00,,false,,,
extradelight:bread_slice,extradelight,false,1,1.20,,false,,,c:bread/sliced;c:bread_slices;c:foods/bread_slice;extradelight:toast_or_bread_slice
extradelight:breadcrumb_sack,extradelight,false,,,,,,,c:storage_blocks;c:storage_blocks_bread_crumbs
extradelight:breadcrumbs,extradelight,false,1,1.20,,false,,,c:bread/crumbs
extradelight:breading_misanplas,extradelight,false,,,,,,,create:upright_on_belt
brewery:breathalyzer,brewery,false,,,,,,,
brewery:brewery_banner,brewery,false,,,,,,,
brewery:brewfest_blouse,brewery,false,,,,,,,
brewery:brewfest_boots,brewery,false,,,,,,,
brewery:brewfest_dress,brewery,false,,,,,,,
brewery:brewfest_hat,brewery,false,,,,,,,
brewery:brewfest_hat_red,brewery,false,,,,,,,
brewery:brewfest_regalia,brewery,false,,,,,,,
brewery:brewfest_shoes,brewery,false,,,,,,,
brewery:brewfest_trousers,brewery,false,,,,,,,
extradelight:broth_fluid_bucket,extradelight,false,,,,,,,
farmersdelight:brown_canvas_sign,farmersdelight,false,,,,,,,farmersdelight:canvas_signs;minecraft:signs
extradelight:brown_chocolate_box,extradelight,false,,,,,,,c:dyed;c:dyed/brown
farmersdelight:brown_hanging_canvas_sign,farmersdelight,false,,,,,,,farmersdelight:hanging_canvas_signs;minecraft:hanging_signs
farmersdelight:brown_mushroom_colony,farmersdelight,false,,,,,,,createaddition:plants;farmersdelight:mushroom_colonies
extradelight:brown_mushroom_crate,extradelight,false,,,,,,,c:storage_blocks;c:storage_blocks_brown_mushroom
extradelight:brown_picnic_basket,extradelight,false,,,,,,,
extradelight:brownie,extradelight,false,3,3.60,"farmersdelight:comfort,3600,0,1.00",false,,,
extradelight:brownies_block,extradelight,false,,,,,,,
extradelight:bruschetta,extradelight,false,2,2.40,"farmersdelight:comfort,600,0,1.00;farmersdelight:nourishment,3600,0,1.00",false,,,
extradelight:bruschetta_feast,extradelight,false,,,,,,,
extradelight:butter,extradelight,false,2,2.40,,false,,,c:butter;extradelight:toast_topping;farm_and_charm:butter
farm_and_charm:butter,farm_and_charm,false,2,1.20,"minecraft:hunger,600,0,0.30",false,,,c:butter;farm_and_charm:butter
extradelight:butter_block_item,extradelight,false,,,,,,,c:storage_blocks;c:storage_blocks_butter
extradelight:butter_slab_block_item,extradelight,false,,,,,,,
extradelight:butter_stairs_block_item,extradelight,false,,,,,,,
extradelight:buttered_pasta,extradelight,false,8,9.60,,false,,,create:upright_on_belt;salt:can_be_salted
extradelight:butterscotch,extradelight,false,1,1.20,,false,,,c:butterscotch
farmersdelight:cabbage,farmersdelight,false,2,1.60,,false,,,c:animal_foods;c:crops;c:crops/cabbage;c:foods;c:foods/cabbage;c:foods/leafy_green;c:miso_soup_ingredients;extradelight:processed/cabbage;extradelight:processed/produce;extradelight:processed/vegetable;farm_and_charm:cabbage;farm_and_charm:crops;minecraft:pig_food;minecraft:rabbit_food
farmersdelight:cabbage_crate,farmersdelight,false,,,,,,,c:storage_blocks;c:storage_blocks/cabbage
farmersdelight:cabbage_leaf,farmersdelight,false,1,0.80,,false,1,2,brewinandchewin:foods/pizza_topping;c:crops;c:crops/cabbage;c:foods;c:foods/cabbage;c:foods/leafy_green;c:miso_soup_ingredients;extradelight:processed/cabbage;extradelight:processed/produce;extradelight:processed/vegetable;farm_and_charm:cabbage;farm_and_charm:crops
farmersdelight:cabbage_rolls,farmersdelight,false,5,5.00,,false,,,c:foods;farmersdelight:snacks
farmersdelight:cabbage_seeds,farmersdelight,false,,,,,,,brewery:seeds;c:animal_foods;c:seeds;farm_and_charm:feeding_trough_food;farm_and_charm:seeds;minecraft:chicken_food;minecraft:parrot_food;minecraft:villager_plantable_seeds;sereneseasons:autumn_crops;sereneseasons:winter_crops
oceansdelight:cabbage_wrapped_elder_guardian,oceansdelight,false,15,30.00,"farmersdelight:comfort,600,0,1.00",false,,,
brewery:cabinet,brewery,false,,,,,,,
extradelight:cactus,extradelight,false,2,1.20,"minecraft:instant_damage,1,0,1.00",false,,,c:animal_foods;c:vegetable/cactus;minecraft:camel_food
extradelight:cactus_eggs,extradelight,false,10,8.00,,false,,,create:upright_on_belt;salt:can_be_salted
extradelight:cactus_juice,extradelight,true,,,,,,,c:juice;create:upright_on_belt;toughasnails:drinks;toughasnails:thirst/6_thirst_drinks
extradelight:cactus_juice_fluid_bucket,extradelight,false,,,,,,,
extradelight:cactus_salad,extradelight,false,13,15.60,"farmersdelight:nourishment,600,0,1.00",false,,,create:upright_on_belt;salt:can_be_salted
extradelight:cactus_soup,extradelight,false,11,15.40,"farmersdelight:comfort,3600,0,1.00;farmersdelight:nourishment,600,0,1.00",false,,,c:foods;c:foods/soup;create:upright_on_belt;salt:can_be_salted;toughasnails:heating_consumed_items
farmersdelight:cake_slice,farmersdelight,false,2,0.40,"minecraft:speed,400,0,1.00",false,,,c:foods;c:foods/cake/slice;farmersdelight:sweets
extradelight:candied_citrus_zest,extradelight,false,1,0.40,"extradelight:sunshine,6000,0,1.00",false,,,c:candy;extradelight:candy_bowl_valid;extradelight:chocolate_bar_filling;extradelight:chocolate_box_valid
extradelight:candied_ginger,extradelight,false,0,0.00,,true,,,c:candy;extradelight:candy_bowl_valid;extradelight:chocolate_bar_filling;extradelight:chocolate_box_valid
extradelight:candy_apple,extradelight,false,4,2.40,"minecraft:speed,600,0,1.00",true,,,
extradelight:candy_bar_salad,extradelight,false,8,4.80,"farmersdelight:comfort,3600,0,1.00",false,,,create:upright_on_belt
extradelight:candy_black,extradelight,false,0,0.00,"minecraft:speed,600,0,1.00",true,,,c:candy;extradelight:candy_bowl_valid;extradelight:chocolate_bar_filling;extradelight:chocolate_box_valid
extradelight:candy_blue,extradelight,false,0,0.00,"minecraft:speed,600,0,1.00",true,,,c:candy;extradelight:candy_bowl_valid;extradelight:chocolate_bar_filling;extradelight:chocolate_box_valid
extradelight:candy_bowl_item,extradelight,false,,,,,,,
extradelight:candy_brown,extradelight,false,0,0.00,"minecraft:speed,600,0,1.00",true,,,c:candy;extradelight:candy_bowl_valid;extradelight:chocolate_bar_filling;extradelight:chocolate_box_valid
extradelight:candy_cane_blue,extradelight,false,0,0.00,"minecraft:speed,600,0,1.00",true,,,c:candy;extradelight:candy_bowl_valid;extradelight:chocolate_bar_filling;extradelight:chocolate_box_valid
extradelight:candy_cane_blue_block,extradelight,false,,,,,,,
extradelight:candy_cane_green,extradelight,false,0,0.00,"minecraft:speed,600,0,1.00",true,,,c:candy;extradelight:candy_bowl_valid;extradelight:chocolate_bar_filling;extradelight:chocolate_box_valid
extradelight:candy_cane_green_block,extradelight,false,,,,,,,
extradelight:candy_cane_red,extradelight,false,0,0.00,"minecraft:speed,600,0,1.00",true,,,c:candy;extradelight:candy_bowl_valid;extradelight:chocolate_bar_filling;extradelight:chocolate_box_valid
extradelight:candy_cane_red_block,extradelight,false,,,,,,,
extradelight:candy_cyan,extradelight,false,0,0.00,"minecraft:speed,600,0,1.00",true,,,c:candy;extradelight:candy_bowl_valid;extradelight:chocolate_bar_filling;extradelight:chocolate_box_valid
extradelight:candy_golden_apple,extradelight,false,4,9.60,"minecraft:regeneration,100,1,1.00;minecraft:absorption,2400,0,1.00;minecraft:speed,600,0,1.00",true,,,
extradelight:candy_gray,extradelight,false,0,0.00,"minecraft:speed,600,0,1.00",true,,,c:candy;extradelight:candy_bowl_valid;extradelight:chocolate_bar_filling;extradelight:chocolate_box_valid
extradelight:candy_green,extradelight,false,0,0.00,"minecraft:speed,600,0,1.00",true,,,c:candy;extradelight:candy_bowl_valid;extradelight:chocolate_bar_filling;extradelight:chocolate_box_valid
extradelight:candy_light_blue,extradelight,false,0,0.00,"minecraft:speed,600,0,1.00",true,,,c:candy;extradelight:candy_bowl_valid;extradelight:chocolate_bar_filling;extradelight:chocolate_box_valid
extradelight:candy_light_gray,extradelight,false,0,0.00,"minecraft:speed,600,0,1.00",true,,,c:candy;extradelight:candy_bowl_valid;extradelight:chocolate_bar_filling;extradelight:chocolate_box_valid
extradelight:candy_lime,extradelight,false,0,0.00,"minecraft:speed,600,0,1.00",true,,,c:candy;extradelight:candy_bowl_valid;extradelight:chocolate_bar_filling;extradelight:chocolate_box_valid
extradelight:candy_magenta,extradelight,false,0,0.00,"minecraft:speed,600,0,1.00",true,,,c:candy;extradelight:candy_bowl_valid;extradelight:chocolate_bar_filling;extradelight:chocolate_box_valid
extradelight:candy_orange,extradelight,false,0,0.00,"minecraft:speed,600,0,1.00",true,,,c:candy;extradelight:candy_bowl_valid;extradelight:chocolate_bar_filling;extradelight:chocolate_box_valid
extradelight:candy_pink,extradelight,false,0,0.00,"minecraft:speed,600,0,1.00",true,,,c:candy;extradelight:candy_bowl_valid;extradelight:chocolate_bar_filling;extradelight:chocolate_box_valid
extradelight:candy_purple,extradelight,false,0,0.00,"minecraft:speed,600,0,1.00",true,,,c:candy;extradelight:candy_bowl_valid;extradelight:chocolate_bar_filling;extradelight:chocolate_box_valid
extradelight:candy_red,extradelight,false,0,0.00,"minecraft:speed,600,0,1.00",true,,,c:candy;extradelight:candy_bowl_valid;extradelight:chocolate_bar_filling;extradelight:chocolate_box_valid
extradelight:candy_white,extradelight,false,0,0.00,"minecraft:speed,600,0,1.00",true,,,c:candy;extradelight:candy_bowl_valid;extradelight:chocolate_bar_filling;extradelight:chocolate_box_valid
extradelight:candy_yellow,extradelight,false,0,0.00,"minecraft:speed,600,0,1.00",true,,,c:candy;extradelight:candy_bowl_valid;extradelight:chocolate_bar_filling;extradelight:chocolate_box_valid
farmersdelight:canvas,farmersdelight,false,,,,,,,
farmersdelight:canvas_rug,farmersdelight,false,,,,,,,
farmersdelight:canvas_sign,farmersdelight,false,,,,,,,farmersdelight:canvas_signs;minecraft:signs
extradelight:caramel_apple,extradelight,false,8,9.60,"minecraft:speed,600,0,1.00",true,,,
extradelight:caramel_candy,extradelight,false,1,1.20,"minecraft:speed,600,0,1.00",true,,,c:candy;extradelight:candy_bowl_valid;extradelight:chocolate_bar_filling;extradelight:chocolate_box_valid
extradelight:caramel_cheescake_slice,extradelight,false,3,1.80,"minecraft:speed,600,0,1.00",false,,,salt:can_be_salted
extradelight:caramel_cheesecake_item,extradelight,false,,,,,,,
extradelight:caramel_chicken,extradelight,false,7,5.60,"farmersdelight:nourishment,6000,0,1.00;farmersdelight:comfort,3600,0,1.00",false,,,create:upright_on_belt
extradelight:caramel_custard,extradelight,false,7,8.40,,true,,,c:foods/custard;salt:can_be_salted
extradelight:caramel_golden_apple,extradelight,false,8,19.20,"minecraft:regeneration,100,1,1.00;minecraft:absorption,2400,0,1.00;minecraft:speed,600,0,1.00",true,,,
extradelight:caramel_popcorn,extradelight,false,6,7.20,"minecraft:speed,600,0,1.00",true,,,create:upright_on_belt;extradelight:corn_dim_confiscate;salt:can_be_salted
extradelight:caramel_popsicle,extradelight,false,3,1.20,,true,,,salt:can_be_salted;toughasnails:cooling_consumed_items
extradelight:caramel_sauce,extradelight,false,4,4.80,,false,,,create:upright_on_belt
extradelight:caramel_sauce_fluid_bucket,extradelight,false,,,,,,,
farm_and_charm:carrot_bag,farm_and_charm,false,,,,,,,
farmersdelight:carrot_crate,farmersdelight,false,,,,,,,c:storage_blocks;c:storage_blocks/carrot
extradelight:carrot_salad,extradelight,false,4,4.80,,false,,,create:upright_on_belt;salt:can_be_salted
extradelight:carrot_soup,extradelight,false,9,12.60,"farmersdelight:comfort,6000,0,1.00",false,,,c:foods;c:foods/soup;create:upright_on_belt;toughasnails:heating_consumed_items
farm_and_charm:cat_food,farm_and_charm,false,,,,,,,create:upright_on_belt
farm_and_charm:cat_food_bag,farm_and_charm,false,,,,,,,
farm_and_charm:cattlegrid,farm_and_charm,false,,,,,,,
herbalbrews:cauldron,herbalbrews,false,,,,,,,
extradelight:charcuterie_board,extradelight,false,4,6.40,"farmersdelight:nourishment,600,0,1.00",true,,,create:upright_on_belt
extradelight:charcuterie_board_feast,extradelight,false,,,,,,,
extradelight:cheese,extradelight,false,4,4.80,,false,,,brewinandchewin:foods/cheese_wedge;c:cheese;c:cheeses;c:foods;c:foods/cheese;extradelight:riceball_filling;pizzadelight:ingredients/cheese_layer;pizzadelight:sliced_ingredients
extradelight:cheese_block_item,extradelight,false,,,,,,,c:storage_blocks;c:storage_blocks_cheese
extradelight:cheese_sandwich,extradelight,false,8,9.60,,false,,,salt:can_be_salted
extradelight:cheese_slab_block_item,extradelight,false,,,,,,,
extradelight:cheese_souffle,extradelight,false,13,15.60,"farmersdelight:comfort,3600,0,1.00;minecraft:absorption,1200,0,0.00",false,,,create:upright_on_belt;toughasnails:heating_consumed_items
extradelight:cheese_stairs_block_item,extradelight,false,,,,,,,
extradelight:cheeseburger,extradelight,false,15,24.00,"farmersdelight:comfort,600,0,1.00;extradelight:pickled,6000,0,1.00",false,,,salt:can_be_salted
extradelight:cheeseburger_pickle,extradelight,false,5,8.00,"farmersdelight:comfort,3600,0,1.00;farmersdelight:nourishment,3600,0,1.00;extradelight:pickled,6000,1,1.00",false,,,
extradelight:cheesecake,extradelight,false,,,,,,,create:upright_on_belt
extradelight:cheesecake_slice,extradelight,false,3,1.80,"minecraft:speed,600,0,1.00",false,,,
extradelight:cheesy_garlic_bread,extradelight,false,4,4.80,,false,,,
brewinandchewin:cheesy_pasta,brewinandchewin,false,14,21.00,"farmersdelight:nourishment,6000,0,1.00",false,,,c:foods;origins:meat
extradelight:cheesymite_scroll,extradelight,false,4,4.80,"minecraft:regeneration,600,0,1.00;farmersdelight:comfort,3600,0,1.00",false,,,
extradelight:cheesymite_scroll_block_item,extradelight,false,,,,,,,
farmersdelight:cherry_cabinet,farmersdelight,false,,,,,,,farmersdelight:cabinets;farmersdelight:cabinets/wooden
extradelight:cherry_counter_cabinet,extradelight,false,,,,,,,
extradelight:cherry_dried_corn_fence,extradelight,false,,,,,,,
extradelight:cherry_food_display,extradelight,false,,,,,,,
extradelight:cherry_half_cabinet,extradelight,false,,,,,,,
extradelight:cherry_knife_block,extradelight,false,,,,,,,
extradelight:cherry_molded_black_wallpaper,extradelight,false,,,,,,,
extradelight:cherry_molded_blue_wallpaper,extradelight,false,,,,,,,
extradelight:cherry_molded_brown_wallpaper,extradelight,false,,,,,,,
extradelight:cherry_molded_cyan_wallpaper,extradelight,false,,,,,,,
extradelight:cherry_molded_gray_wallpaper,extradelight,false,,,,,,,
extradelight:cherry_molded_green_wallpaper,extradelight,false,,,,,,,
extradelight:cherry_molded_light_blue_wallpaper,extradelight,false,,,,,,,
extradelight:cherry_molded_light_gray_wallpaper,extradelight,false,,,,,,,
extradelight:cherry_molded_lime_wallpaper,extradelight,false,,,,,,,
extradelight:cherry_molded_magenta_wallpaper,extradelight,false,,,,,,,
extradelight:cherry_molded_orange_wallpaper,extradelight,false,,,,,,,
extradelight:cherry_molded_pink_wallpaper,extradelight,false,,,,,,,
extradelight:cherry_molded_purple_wallpaper,extradelight,false,,,,,,,
extradelight:cherry_molded_red_wallpaper,extradelight,false,,,,,,,
extradelight:cherry_molded_white_wallpaper,extradelight,false,,,,,,,
extradelight:cherry_molded_yellow_wallpaper,extradelight,false,,,,,,,
extradelight:cherry_sink,extradelight,false,,,,,,,
extradelight:cherry_spice_rack,extradelight,false,,,,,,,
extradelight:cherry_spice_rack_full,extradelight,false,,,,,,,
extradelight:cherry_step_stool,extradelight,false,,,,,,,
extradelight:cherry_wreath,extradelight,false,,,,,,,
extradelight:chicken_alfredo,extradelight,false,20,24.00,"farmersdelight:comfort,6000,0,1.00;farmersdelight:nourishment,3600,0,1.00",false,,,create:upright_on_belt;salt:can_be_salted
farm_and_charm:chicken_coop,farm_and_charm,false,,,,,,,
endersdelight:chicken_curry,endersdelight,false,7,12.60,"farmersdelight:nourishment,6000,0,1.00",false,,,
farmersdelight:chicken_cuts,farmersdelight,false,1,0.60,"minecraft:hunger,600,0,0.30",false,,,brewinandchewin:foods/horror_meat;brewinandchewin:foods/jerky_meat;c:animal_foods;c:foods;c:foods/food_poisoning;c:foods/raw_chicken;c:foods/raw_meat;minecraft:meat;minecraft:wolf_food
farm_and_charm:chicken_feed,farm_and_charm,false,0,0.00,,false,,,create:upright_on_belt
farm_and_charm:chicken_fence,farm_and_charm,false,,,,,,,
extradelight:chicken_fried_steak,extradelight,false,17,27.20,"farmersdelight:comfort,3600,0,1.00",false,,,salt:can_be_salted
extradelight:chicken_kiev,extradelight,false,8,9.60,"farmersdelight:comfort,3600,0,1.00;farmersdelight:nourishment,600,0,1.00",false,,,
farm_and_charm:chicken_nest,farm_and_charm,false,,,,,,,
extradelight:chicken_parm,extradelight,false,10,12.00,"farmersdelight:comfort,3600,0,1.00;farmersdelight:nourishment,600,0,1.00",false,,,salt:can_be_salted
farm_and_charm:chicken_parts,farm_and_charm,false,2,1.20,"minecraft:hunger,600,0,0.30",false,,,brewinandchewin:foods/jerky_meat;c:foods;c:foods/raw_meat;c:raw_chicken;farm_and_charm:raw_chicken;origins:meat
farmersdelight:chicken_sandwich,farmersdelight,false,10,16.00,,false,,,c:foods;farmersdelight:snacks
farmersdelight:chicken_soup,farmersdelight,false,12,19.20,"farmersdelight:nourishment,3600,0,1.00",false,4,5,c:foods;c:foods/soup;create:upright_on_belt;farmersdelight:meals
extradelight:chicken_stew,extradelight,false,7,9.80,"farmersdelight:comfort,3600,0,1.00",false,,,create:upright_on_belt;salt:can_be_salted;toughasnails:heating_consumed_items
extradelight:chicken_stew_feast,extradelight,false,,,,,,,
extradelight:chicken_stew_rice,extradelight,false,13,18.20,"farmersdelight:comfort,6000,0,1.00",false,,,create:upright_on_belt;salt:can_be_salted;toughasnails:heating_consumed_items
farm_and_charm:chicken_wrapped_in_bacon,farm_and_charm,false,9,0.90,"farm_and_charm:sustenance,6000,0,1.00",true,,,c:cooked_chicken;c:cooked_pork;c:foods;c:foods/cooked_meat;farm_and_charm:cooked_chicken;farm_and_charm:cooked_pork;origins:meat
extradelight:chili,extradelight,false,3,3.60,"minecraft:fire_resistance,600,0,1.00",false,,,c:crops;c:crops/chile_pepper;c:crops/chili;c:crops/chili_pepper;c:crops/chilipepper;c:foods;c:foods/vegetable;extradelight:processed/chili;farm_and_charm:crops;toughasnails:heating_consumed_items
extradelight:chili_cheese_cornbread_muffin,extradelight,false,3,3.60,"minecraft:fire_resistance,1200,0,1.00;farmersdelight:nourishment,600,0,1.00",false,,,salt:can_be_salted
extradelight:chili_con_carne,extradelight,false,6,8.40,"farmersdelight:nourishment,3600,0,1.00;minecraft:fire_resistance,6000,0,1.00",false,,,create:upright_on_belt;salt:can_be_salted;toughasnails:heating_consumed_items
extradelight:chili_con_carne_feast,extradelight,false,,,,,,,
extradelight:chili_crate,extradelight,false,,,,,,,c:storage_blocks;c:storage_blocks_chili
extradelight:chili_powder,extradelight,false,,,,,,,c:chili/powder;extradelight:chocolate_bar_filling
extradelight:chili_powder_sack,extradelight,false,,,,,,,c:storage_blocks;c:storage_blocks_chili_powder
extradelight:chili_seeds,extradelight,false,,,,,,,brewery:seeds;c:animal_foods;c:seeds;farm_and_charm:feeding_trough_food;farm_and_charm:seeds;minecraft:chicken_food;minecraft:parrot_food;minecraft:villager_plantable_seeds;sereneseasons:autumn_crops;sereneseasons:spring_crops;sereneseasons:summer_crops
extradelight:chiller,extradelight,false,,,,,,,
extradelight:chocolate_cake,extradelight,false,2,0.40,"minecraft:speed,400,0,1.00",false,,,c:foods/cake/slice
extradelight:chocolate_cake_block,extradelight,false,,,,,,,create:upright_on_belt
extradelight:chocolate_cheesecake,extradelight,false,,,,,,,create:upright_on_belt
extradelight:chocolate_cheesecake_slice,extradelight,false,3,1.80,"minecraft:speed,600,0,1.00",false,,,
extradelight:chocolate_chip_cookie_block_item,extradelight,false,,,,,,,
extradelight:chocolate_chip_cookie_dough,extradelight,false,1,0.20,,false,,,c:cookie_dough;c:cookie_dough/chocolate_chip
extradelight:chocolate_cookie,extradelight,false,2,0.40,,false,,,c:foods;c:foods/cookie
extradelight:chocolate_cookie_block,extradelight,false,,,,,,,
extradelight:chocolate_cookie_dough,extradelight,false,1,0.20,,false,,,c:cookie_dough;c:cookie_dough/chocolate
extradelight:chocolate_custard,extradelight,false,7,8.40,,true,,,c:foods/custard
extradelight:chocolate_ice_cream,extradelight,false,6,7.20,,true,,,c:ice_cream;create:upright_on_belt;toughasnails:cooling_consumed_items
extradelight:chocolate_milk,extradelight,true,,,,,,,create:upright_on_belt;toughasnails:drinks;toughasnails:thirst/2_thirst_drinks
extradelight:chocolate_milkshake,extradelight,true,,,,,,,create:upright_on_belt;toughasnails:drinks;toughasnails:thirst/2_thirst_drinks
extradelight:chocolate_mousse,extradelight,false,4,3.20,"farmersdelight:comfort,600,0,1.00",false,,,
extradelight:chocolate_orange,extradelight,false,4,0.80,"farmersdelight:comfort,600,0,1.00;extradelight:sunshine,6000,0,0.00",false,,,
farmersdelight:chocolate_pie,farmersdelight,false,,,,,,,c:foods;c:foods/edible_when_placed;create:upright_on_belt;farmersdelight:pies
farmersdelight:chocolate_pie_slice,farmersdelight,false,3,1.80,"minecraft:speed,600,0,1.00",false,,,c:foods;c:foods/pie;farmersdelight:sweets
endersdelight:chorus_crate,endersdelight,false,,,,,,,c:storage_blocks;c:storage_blocks/chorus;c:storage_blocks/chorus_fruit
endersdelight:chorus_juice,endersdelight,false,2,0.80,,false,,,
endersdelight:chorus_pie,endersdelight,false,,,,,,,c:foods
endersdelight:chorus_pie_slice,endersdelight,false,3,1.80,"minecraft:speed,600,0,1.00",false,,,
endersdelight:chorus_stew,endersdelight,false,4,4.00,"endersdelight:phasing,200,0,1.00;farmersdelight:nourishment,6000,0,1.00",false,,,c:foods;c:foods/soup
endersdelight:chorusflame,endersdelight,false,,,,,,,
extradelight:christmas_pudding,extradelight,false,3,2.40,"farmersdelight:comfort,600,0,1.00",false,,,create:upright_on_belt
extradelight:christmas_pudding_feast,extradelight,false,,,,,,,
extradelight:cinnamon_bark,extradelight,false,,,,,,,
extradelight:cinnamon_button,extradelight,false,,,,,,,minecraft:buttons;minecraft:wooden_buttons
extradelight:cinnamon_cabinet,extradelight,false,,,,,,,
extradelight:cinnamon_counter_cabinet,extradelight,false,,,,,,,
extradelight:cinnamon_door,extradelight,false,,,,,,,minecraft:doors;minecraft:wooden_doors
extradelight:cinnamon_dried_corn_fence,extradelight,false,,,,,,,
extradelight:cinnamon_fence,extradelight,false,,,,,,,c:fences;c:fences/wooden;minecraft:fences;minecraft:wooden_fences
extradelight:cinnamon_fence_gate,extradelight,false,,,,,,,minecraft:fence_gates
extradelight:cinnamon_food_display,extradelight,false,,,,,,,
extradelight:cinnamon_half_cabinet,extradelight,false,,,,,,,
extradelight:cinnamon_knife_block,extradelight,false,,,,,,,
extradelight:cinnamon_leaves,extradelight,false,,,,,,,
extradelight:cinnamon_log,extradelight,false,,,,,,,c:cinnamon_logs;minecraft:completes_find_tree_tutorial;minecraft:logs;minecraft:logs_that_burn
extradelight:cinnamon_molded_black_wallpaper,extradelight,false,,,,,,,
extradelight:cinnamon_molded_blue_wallpaper,extradelight,false,,,,,,,
extradelight:cinnamon_molded_brown_wallpaper,extradelight,false,,,,,,,
extradelight:cinnamon_molded_cyan_wallpaper,extradelight,false,,,,,,,
extradelight:cinnamon_molded_gray_wallpaper,extradelight,false,,,,,,,
extradelight:cinnamon_molded_green_wallpaper,extradelight,false,,,,,,,
extradelight:cinnamon_molded_light_blue_wallpaper,extradelight,false,,,,,,,
extradelight:cinnamon_molded_light_gray_wallpaper,extradelight,false,,,,,,,
extradelight:cinnamon_molded_lime_wallpaper,extradelight,false,,,,,,,
extradelight:cinnamon_molded_magenta_wallpaper,extradelight,false,,,,,,,
extradelight:cinnamon_molded_orange_wallpaper,extradelight,false,,,,,,,
extradelight:cinnamon_molded_pink_wallpaper,extradelight,false,,,,,,,
extradelight:cinnamon_molded_purple_wallpaper,extradelight,false,,,,,,,
extradelight:cinnamon_molded_red_wallpaper,extradelight,false,,,,,,,
extradelight:cinnamon_molded_white_wallpaper,extradelight,false,,,,,,,
extradelight:cinnamon_molded_yellow_wallpaper,extradelight,false,,,,,,,
extradelight:cinnamon_planks,extradelight,false,,,,,,,minecraft:planks
extradelight:cinnamon_popsicle,extradelight,false,3,1.20,,true,,,
extradelight:cinnamon_pressure_plate,extradelight,false,,,,,,,minecraft:wooden_pressure_plates
extradelight:cinnamon_rolls,extradelight,false,3,3.60,"farmersdelight:comfort,600,0,1.00",false,,,
extradelight:cinnamon_rolls_feast,extradelight,false,,,,,,,
extradelight:cinnamon_sapling,extradelight,false,,,,,,,minecraft:saplings;sereneseasons:spring_crops;sereneseasons:summer_crops
extradelight:cinnamon_sink,extradelight,false,,,,,,,
extradelight:cinnamon_slab,extradelight,false,,,,,,,minecraft:slabs;minecraft:wooden_slabs
extradelight:cinnamon_spice_rack,extradelight,false,,,,,,,
extradelight:cinnamon_spice_rack_full,extradelight,false,,,,,,,
extradelight:cinnamon_stairs,extradelight,false,,,,,,,minecraft:stairs;minecraft:wooden_stairs
extradelight:cinnamon_step_stool,extradelight,false,,,,,,,
extradelight:cinnamon_stick,extradelight,false,,,,,,,c:cinnamon/stick
extradelight:cinnamon_stick_block,extradelight,false,,,,,,,c:storage_blocks;c:storage_blocks_cinnamon_stick
extradelight:cinnamon_toast,extradelight,false,5,6.00,"farmersdelight:comfort,600,0,1.00",false,,,
extradelight:cinnamon_trapdoor,extradelight,false,,,,,,,minecraft:trapdoors;minecraft:wooden_trapdoors
extradelight:cinnamon_wood,extradelight,false,,,,,,,c:cinnamon_logs;minecraft:completes_find_tree_tutorial;minecraft:logs;minecraft:logs_that_burn
extradelight:cinnamon_wreath,extradelight,false,,,,,,,
extradelight:citrus_onion_salad,extradelight,false,5,4.00,"farmersdelight:nourishment,3600,0,1.00",false,,,create:upright_on_belt
extradelight:citrus_rind_banner_item,extradelight,false,,,,,,,
brewinandchewin:coaster,brewinandchewin,false,,,,,,,
extradelight:cocoa_bean_sack,extradelight,false,,,,,,,c:storage_blocks;c:storage_blocks_cocoa_beans
extradelight:cocoa_butter_bottle,extradelight,false,,,,,,,create:upright_on_belt
extradelight:cocoa_butter_fluid_bucket,extradelight,false,,,,,,,
brewinandchewin:cocoa_fudge,brewinandchewin,false,4,6.40,"minecraft:speed,800,0,1.00",false,,,c:foods
extradelight:cocoa_nut_butter_spread_fluid_bucket,extradelight,false,,,,,,,
extradelight:cocoa_powder,extradelight,false,,,,,,,c:cocoa/powder
extradelight:cocoa_powder_sack,extradelight,false,,,,,,,c:storage_blocks;c:storage_blocks_cocoa_powder
extradelight:cocoa_solids,extradelight,false,,,,,,,c:cocoa/solids
extradelight:cocoa_solids_sack,extradelight,false,,,,,,,c:storage_blocks;c:storage_blocks_cocoa_solids
farmersdelight:cod_roll,farmersdelight,false,7,8.40,,false,,,c:foods;farmersdelight:snacks
farmersdelight:cod_slice,farmersdelight,false,1,0.20,,false,,,c:animal_foods;c:foods;c:foods/raw_cod;c:foods/raw_fish;c:foods/safe_raw_fish;c:miso_soup_ingredients;minecraft:cat_food;origins:meat
extradelight:coffe_cake_feast,extradelight,false,,,,,,,create:upright_on_belt
extradelight:coffee,extradelight,true,,,,,,,c:coffee;create:upright_on_belt;toughasnails:drinks;toughasnails:heating_consumed_items;toughasnails:thirst/2_thirst_drinks
herbalbrews:coffee,herbalbrews,true,2,1.60,,true,,,
extradelight:coffee_bean_sack,extradelight,false,,,,,,,c:storage_blocks;c:storage_blocks_coffee_beans
extradelight:coffee_beans,extradelight,false,3,0.60,"minecraft:speed,3600,0,1.00",false,,,c:crops/coffee/cooked;c:crops/coffee_beans;c:crops/coffeebean
herbalbrews:coffee_beans,herbalbrews,false,1,0.20,,true,,,
extradelight:coffee_cake_slice,extradelight,false,2,0.40,"minecraft:speed,400,0,1.00",false,,,c:foods/cake/slice
extradelight:coffee_cherries,extradelight,false,2,0.40,"minecraft:speed,600,0,1.00",false,,,c:crops/coffee;sereneseasons:autumn_crops;sereneseasons:spring_crops;sereneseasons:summer_crops
extradelight:coffee_cherry_crate,extradelight,false,,,,,,,c:storage_blocks;c:storage_blocks_coffee_cherries
extradelight:coffee_fluid_bucket,extradelight,false,,,,,,,
extradelight:coffee_jelly,extradelight,false,1,0.60,"minecraft:jump_boost,600,0,0.50",false,,,
farm_and_charm:compost,farm_and_charm,false,,,,,,,c:fertilizers
extradelight:congee,extradelight,false,6,4.80,"farmersdelight:comfort,3600,0,1.00",false,,,create:upright_on_belt;salt:can_be_salted;toughasnails:heating_consumed_items
farmersdelight:cooked_bacon,farmersdelight,false,4,6.40,,false,,,brewinandchewin:foods/pizza_topping;c:animal_foods;c:foods;c:foods/cooked_bacon;c:foods/cooked_meat;c:foods/cooked_pork;minecraft:meat;minecraft:wolf_food
extradelight:cooked_cactus,extradelight,false,6,3.60,,false,,,c:cactus/cooked;salt:can_be_salted
farmersdelight:cooked_chicken_cuts,farmersdelight,false,3,3.60,,false,,,c:animal_foods;c:foods;c:foods/cooked_chicken;c:foods/cooked_meat;minecraft:meat;minecraft:wolf_food
farm_and_charm:cooked_cod,farm_and_charm,false,7,0.90,"farm_and_charm:sustenance,4800,0,1.00",true,,,c:cooked_fishes;c:foods;c:foods/cooked_fish;farm_and_charm:cooked_fishes;origins:meat
farmersdelight:cooked_cod_slice,farmersdelight,false,3,3.00,,false,,,brewinandchewin:foods/pizza_topping;c:foods;c:foods/cooked_cod;c:foods/cooked_fish;origins:meat
extradelight:cooked_corn,extradelight,false,2,2.40,,false,,,extradelight:corn_dim_confiscate;salt:can_be_salted
oceansdelight:cooked_elder_guardian_slice,oceansdelight,false,3,1.80,,false,,,
oceansdelight:cooked_guardian_tail,oceansdelight,false,6,4.80,,false,,,
farmersdelight:cooked_mutton_chops,farmersdelight,false,3,4.80,,false,,,brewinandchewin:foods/pizza_topping;c:animal_foods;c:foods;c:foods/cooked_meat;c:foods/cooked_mutton;minecraft:meat;minecraft:wolf_food
extradelight:cooked_pasta,extradelight,false,5,6.00,,false,,,create:upright_on_belt;salt:can_be_salted
farmersdelight:cooked_rice,farmersdelight,false,6,4.80,"farmersdelight:nourishment,600,0,1.00",false,,,c:foods;create:upright_on_belt;farmersdelight:meals
farm_and_charm:cooked_salmon,farm_and_charm,false,7,0.90,"farm_and_charm:satiation,4800,0,1.00",true,,,c:cooked_fishes;c:foods;c:foods/cooked_fish;farm_and_charm:cooked_fishes;origins:meat
farmersdelight:cooked_salmon_slice,farmersdelight,false,3,4.80,,false,,,c:foods;c:foods/cooked_fish;c:foods/cooked_salmon;origins:meat
extradelight:cooked_soybeans_item,extradelight,false,5,1.00,,false,,,c:soybeans/cooked
oceansdelight:cooked_stuffed_cod,oceansdelight,false,6,9.60,"farmersdelight:comfort,600,0,1.00",false,,,
oceansdelight:cooked_stuffed_squid,oceansdelight,false,6,7.20,,false,,,
extradelight:cooked_wheat_seeds,extradelight,false,2,1.20,,false,,,c:foods/cooked_wheat_seeds
extradelight:cookie_dough_ice_cream,extradelight,false,6,7.20,,true,,,c:ice_cream;create:upright_on_belt;toughasnails:cooling_consumed_items
extradelight:cookie_dough_milkshake,extradelight,true,,,,,,,create:upright_on_belt;toughasnails:drinks;toughasnails:thirst/2_thirst_drinks
extradelight:cooking_oil,extradelight,false,,,,,,,c:cooking_oil;c:cookingoil;c:cookingoil/cookingoil;create:upright_on_belt;extradelight:frying_oil
farm_and_charm:cooking_pot,farm_and_charm,false,,,,,,,farm_and_charm:hangable
farmersdelight:cooking_pot,farmersdelight,false,,,,,,,
brewery:copper_brewingstation,brewery,false,,,,,,,
herbalbrews:copper_tea_kettle,herbalbrews,false,,,,,,,
farm_and_charm:corn,farm_and_charm,false,2,0.40,,false,,,c:crops;c:crops/corn;c:foods;c:foods/vegetable;c:grain;c:grains;c:grains/corn;c:vegetables;farm_and_charm:corn;farm_and_charm:crops;farm_and_charm:grain;farm_and_charm:vegetables
farm_and_charm:corn_bag,farm_and_charm,false,,,,,,,
extradelight:corn_chowder,extradelight,false,11,17.60,"farmersdelight:comfort,6000,0,1.00;farmersdelight:nourishment,600,0,1.00",false,,,extradelight:corn_dim_confiscate;salt:can_be_salted;toughasnails:heating_consumed_items
extradelight:corn_cob,extradelight,false,,,,,,,c:animal_foods;extradelight:corn_dim_confiscate;minecraft:pig_food
extradelight:corn_cob_bundle,extradelight,false,,,,,,,c:storage_blocks;c:storage_blocks_corn_cob
extradelight:corn_cob_pipe,extradelight,false,,,,,,,
extradelight:corn_crate,extradelight,false,,,,,,,c:storage_blocks;c:storage_blocks_corn_on_cob
extradelight:corn_flakes,extradelight,false,2,2.40,,false,,,c:corn_flakes;extradelight:chocolate_bar_filling
extradelight:corn_flakes_cereal,extradelight,false,8,6.40,"minecraft:regeneration,600,0,1.00;minecraft:absorption,1200,0,1.00",false,,,create:upright_on_belt
extradelight:corn_fritters,extradelight,false,10,12.00,"farmersdelight:comfort,3600,0,1.00",false,,,extradelight:corn_dim_confiscate;salt:can_be_salted
farm_and_charm:corn_grits,farm_and_charm,false,6,0.50,"farm_and_charm:satiation,2400,0,1.00",true,,,create:upright_on_belt
extradelight:corn_husk,extradelight,false,,,,,,,c:animal_foods;extradelight:corn_dim_confiscate;minecraft:cow_food;minecraft:sheep_food
extradelight:corn_husk_bundle,extradelight,false,,,,,,,c:animal_foods;c:storage_blocks;c:storage_blocks_corn_husk;minecraft:llama_food
extradelight:corn_husk_doll,extradelight,false,,,,,,,extradelight:corn_dim_confiscate
extradelight:corn_meal,extradelight,false,,,,,,,c:corn/meal;c:cornmeal;extradelight:corn_dim_confiscate
extradelight:corn_on_cob,extradelight,false,,,,,,,c:crops;c:crops/corn;c:vegetable/corn;extradelight:corn_dim_confiscate;farm_and_charm:corn;farm_and_charm:crops
extradelight:corn_pudding,extradelight,false,5,6.00,"farmersdelight:comfort,3600,0,1.00;farmersdelight:nourishment,600,0,1.00",false,,,create:upright_on_belt;extradelight:corn_dim_confiscate;salt:can_be_salted
extradelight:corn_pudding_feast,extradelight,false,,,,,,,extradelight:corn_dim_confiscate
extradelight:corn_sack,extradelight,false,,,,,,,c:storage_blocks;c:storage_blocks_corn_kernels
extradelight:corn_seeds,extradelight,false,,,,,,,brewery:seeds;c:animal_foods;c:foods;c:foods/vegetable;c:seeds;c:seeds/corn;extradelight:corn_dim_confiscate;farm_and_charm:feeding_trough_food;farm_and_charm:seeds;minecraft:chicken_food;minecraft:parrot_food;minecraft:villager_plantable_seeds;sereneseasons:spring_crops;sereneseasons:summer_crops
extradelight:corn_silk,extradelight,false,,,,,,,c:tea_ingredients;extradelight:corn_dim_confiscate
extradelight:corn_silk_sack,extradelight,false,,,,,,,c:storage_blocks;c:storage_blocks_corn_silk
extradelight:cornbread,extradelight,false,4,4.80,"farmersdelight:comfort,600,0,1.00;farmersdelight:nourishment,600,0,1.00",false,,,create:upright_on_belt;extradelight:corn_dim_confiscate;salt:can_be_salted
extradelight:cornbread_feast,extradelight,false,,,,,,,extradelight:corn_dim_confiscate
extradelight:cornmeal_sack,extradelight,false,,,,,,,c:storage_blocks;c:storage_blocks_corn_meal
extradelight:crackers,extradelight,false,0,0.00,,true,,,salt:can_be_salted
farm_and_charm:crafting_bowl,farm_and_charm,false,,,,,,,
endersdelight:crawling_sandwich,endersdelight,false,3,1.20,"minecraft:resistance,1800,0,1.00;minecraft:nausea,400,0,1.00",false,,,
extradelight:cream_corn,extradelight,false,6,7.20,,false,,,extradelight:corn_dim_confiscate
brewinandchewin:creamy_onion_soup,brewinandchewin,false,12,19.20,"farmersdelight:nourishment,3600,0,1.00",false,,,c:foods;c:foods/soup
farmersdelight:crimson_cabinet,farmersdelight,false,,,,,,,farmersdelight:cabinets;farmersdelight:cabinets/wooden
extradelight:crimson_counter_cabinet,extradelight,false,,,,,,,
extradelight:crimson_dried_corn_fence,extradelight,false,,,,,,,
extradelight:crimson_food_display,extradelight,false,,,,,,,
extradelight:crimson_half_cabinet,extradelight,false,,,,,,,
extradelight:crimson_knife_block,extradelight,false,,,,,,,
extradelight:crimson_molded_black_wallpaper,extradelight,false,,,,,,,
extradelight:crimson_molded_blue_wallpaper,extradelight,false,,,,,,,
extradelight:crimson_molded_brown_wallpaper,extradelight,false,,,,,,,
extradelight:crimson_molded_cyan_wallpaper,extradelight,false,,,,,,,
extradelight:crimson_molded_gray_wallpaper,extradelight,false,,,,,,,
extradelight:crimson_molded_green_wallpaper,extradelight,false,,,,,,,
extradelight:crimson_molded_light_blue_wallpaper,extradelight,false,,,,,,,
extradelight:crimson_molded_light_gray_wallpaper,extradelight,false,,,,,,,
extradelight:crimson_molded_lime_wallpaper,extradelight,false,,,,,,,
extradelight:crimson_molded_magenta_wallpaper,extradelight,false,,,,,,,
extradelight:crimson_molded_orange_wallpaper,extradelight,false,,,,,,,
extradelight:crimson_molded_pink_wallpaper,extradelight,false,,,,,,,
extradelight:crimson_molded_purple_wallpaper,extradelight,false,,,,,,,
extradelight:crimson_molded_red_wallpaper,extradelight,false,,,,,,,
extradelight:crimson_molded_white_wallpaper,extradelight,false,,,,,,,
extradelight:crimson_molded_yellow_wallpaper,extradelight,false,,,,,,,
extradelight:crimson_sink,extradelight,false,,,,,,,
extradelight:crimson_spice_rack,extradelight,false,,,,,,,
extradelight:crimson_spice_rack_full,extradelight,false,,,,,,,
extradelight:crimson_step_stool,extradelight,false,,,,,,,
extradelight:crimson_wreath,extradelight,false,,,,,,,
extradelight:crisp_rice,extradelight,false,6,4.80,"farmersdelight:nourishment,600,0,1.00",false,,,c:puffed_rice;extradelight:chocolate_bar_filling
extradelight:crisp_rice_cereal,extradelight,false,8,6.40,"minecraft:regeneration,600,0,1.00;minecraft:absorption,1200,0,1.00",false,,,create:upright_on_belt
extradelight:crisp_rice_treat,extradelight,false,2,1.60,"farmersdelight:comfort,600,0,1.00",false,,,
extradelight:crisp_rice_treats_block,extradelight,false,,,,,,,
endersdelight:crispy_skewer,endersdelight,false,2,0.80,,false,,,
extradelight:croque_madame,extradelight,false,13,20.80,"farmersdelight:comfort,3600,0,1.00;farmersdelight:nourishment,600,0,1.00",false,,,salt:can_be_salted
extradelight:croque_monsieur,extradelight,false,9,14.40,"farmersdelight:comfort,600,0,1.00;farmersdelight:nourishment,600,0,1.00",false,,,salt:can_be_salted
extradelight:croutons,extradelight,false,1,1.20,,false,,,c:croutons
extradelight:cucumber,extradelight,false,2,1.20,,false,,,c:animal_foods;c:crops;c:crops/cucumber;c:foods;c:foods/vegetable;culturaldelights:cucumbers;extradelight:processed/cucumber;extradelight:processed/produce;extradelight:processed/vegetable;farm_and_charm:crops;minecraft:pig_food
extradelight:cucumber_crate_item,extradelight,false,,,,,,,c:storage_blocks;c:storage_blocks_cucumber
extradelight:cucumber_salad,extradelight,false,6,3.60,"farmersdelight:nourishment,600,0,1.00",false,,,create:upright_on_belt
extradelight:cucumber_seed,extradelight,false,,,,,,,brewery:seeds;c:animal_foods;c:seeds;farm_and_charm:feeding_trough_food;farm_and_charm:seeds;minecraft:chicken_food;minecraft:parrot_food;minecraft:villager_plantable_seeds;sereneseasons:spring_crops;sereneseasons:summer_crops
extradelight:curry,extradelight,false,7,9.80,"farmersdelight:comfort,3600,0,1.00",false,,,create:upright_on_belt;salt:can_be_salted;toughasnails:heating_consumed_items
extradelight:curry_feast,extradelight,false,,,,,,,
extradelight:curry_powder,extradelight,false,,,,,,,create:upright_on_belt
extradelight:curry_rice,extradelight,false,13,18.20,"farmersdelight:comfort,6000,0,1.00",false,,,create:upright_on_belt;salt:can_be_salted;toughasnails:heating_consumed_items
extradelight:currywurst,extradelight,false,8,9.60,,false,,,salt:can_be_salted
oceansdelight:cut_tentacles,oceansdelight,false,1,0.20,,false,,,
farmersdelight:cutting_board,farmersdelight,false,,,,,,,
farmersdelight:cyan_canvas_sign,farmersdelight,false,,,,,,,farmersdelight:canvas_signs;minecraft:signs
extradelight:cyan_chocolate_box,extradelight,false,,,,,,,c:dyed;c:dyed/cyan
farmersdelight:cyan_hanging_canvas_sign,farmersdelight,false,,,,,,,farmersdelight:hanging_canvas_signs;minecraft:hanging_signs
extradelight:cyan_picnic_basket,extradelight,false,,,,,,,
extradelight:dalgona_coffee,extradelight,true,,,,,,,create:upright_on_belt;toughasnails:drinks;toughasnails:heating_consumed_items;toughasnails:thirst/4_thirst_drinks
brewery:dark_brew,brewery,false,,,,,,,
extradelight:dark_chocolate_bar,extradelight,false,4,0.80,"minecraft:absorption,1200,0,1.00;farmersdelight:comfort,600,0,1.00",false,,,c:chocolate/bar;c:chocolate/dark/bar;extradelight:chocolate_box_valid;salt:can_be_salted
extradelight:dark_chocolate_block,extradelight,false,,,,,,,c:block/chocolate;c:block/dark_chocolate;c:storage_blocks;c:storage_blocks_dark_chocolate_bar
extradelight:dark_chocolate_chips,extradelight,false,0,0.00,"minecraft:absorption,1200,0,1.00;farmersdelight:comfort,600,0,1.00",false,,,c:chocolate/chips;c:chocolate/dark/chips;extradelight:chocolate_bar_filling
extradelight:dark_chocolate_dipped_apple_slice,extradelight,false,4,2.40,"farmersdelight:comfort,600,0,1.00",true,,,
extradelight:dark_chocolate_dipped_bacon,extradelight,false,2,1.20,"farmersdelight:comfort,600,0,1.00",true,,,
extradelight:dark_chocolate_dipped_coffee_bean,extradelight,false,2,0.40,"farmersdelight:comfort,600,0,1.00;minecraft:speed,600,0,1.00",true,,,
extradelight:dark_chocolate_dipped_glow_berry,extradelight,false,2,0.40,"farmersdelight:comfort,600,0,1.00;minecraft:glowing,1200,0,1.00",true,,,
extradelight:dark_chocolate_dipped_graham_cracker,extradelight,false,2,1.60,"farmersdelight:comfort,600,0,1.00",true,,,
extradelight:dark_chocolate_dipped_marshmallow,extradelight,false,1,0.80,"farmersdelight:comfort,600,0,1.00",true,,,
extradelight:dark_chocolate_dipped_sweet_berry,extradelight,false,2,0.40,"farmersdelight:comfort,600,0,1.00",true,,,
extradelight:dark_chocolate_door,extradelight,false,,,,,,,minecraft:doors
extradelight:dark_chocolate_fence,extradelight,false,,,,,,,minecraft:fences
extradelight:dark_chocolate_fence_gate,extradelight,false,,,,,,,minecraft:fence_gates
extradelight:dark_chocolate_filled_bar,extradelight,false,6,1.20,"minecraft:absorption,1200,0,1.00;farmersdelight:comfort,3600,0,1.00",false,,,c:chocolate/bar/filled;c:chocolate/dark/bar/filled;extradelight:chocolate_box_valid;salt:can_be_salted
extradelight:dark_chocolate_fondue_block,extradelight,false,,,,,,,
extradelight:dark_chocolate_pillar,extradelight,false,,,,,,,
extradelight:dark_chocolate_slab,extradelight,false,,,,,,,minecraft:slabs
extradelight:dark_chocolate_stairs,extradelight,false,,,,,,,minecraft:stairs
extradelight:dark_chocolate_syrup_bottle,extradelight,false,4,0.80,"minecraft:absorption,1200,0,1.00;farmersdelight:comfort,600,0,1.00",false,,,c:liquid_chocolate;create:upright_on_belt
extradelight:dark_chocolate_syrup_fluid_bucket,extradelight,false,,,,,,,
extradelight:dark_chocolate_trapdoor,extradelight,false,,,,,,,minecraft:trapdoors
extradelight:dark_chocolate_truffle,extradelight,false,0,0.00,"minecraft:absorption,1200,0,1.00;farmersdelight:comfort,600,0,1.00",false,,,c:chocolate/dark/truffle;c:chocolate/truffle;extradelight:chocolate_box_valid;salt:can_be_salted
farmersdelight:dark_oak_cabinet,farmersdelight,false,,,,,,,farmersdelight:cabinets;farmersdelight:cabinets/wooden
extradelight:dark_oak_counter_cabinet,extradelight,false,,,,,,,
extradelight:dark_oak_dried_corn_fence,extradelight,false,,,,,,,
extradelight:dark_oak_food_display,extradelight,false,,,,,,,
extradelight:dark_oak_half_cabinet,extradelight,false,,,,,,,
extradelight:dark_oak_knife_block,extradelight,false,,,,,,,
extradelight:dark_oak_molded_black_wallpaper,extradelight,false,,,,,,,
extradelight:dark_oak_molded_blue_wallpaper,extradelight,false,,,,,,,
extradelight:dark_oak_molded_brown_wallpaper,extradelight,false,,,,,,,
extradelight:dark_oak_molded_cyan_wallpaper,extradelight,false,,,,,,,
extradelight:dark_oak_molded_gray_wallpaper,extradelight,false,,,,,,,
extradelight:dark_oak_molded_green_wallpaper,extradelight,false,,,,,,,
extradelight:dark_oak_molded_light_blue_wallpaper,extradelight,false,,,,,,,
extradelight:dark_oak_molded_light_gray_wallpaper,extradelight,false,,,,,,,
extradelight:dark_oak_molded_lime_wallpaper,extradelight,false,,,,,,,
extradelight:dark_oak_molded_magenta_wallpaper,extradelight,false,,,,,,,
extradelight:dark_oak_molded_orange_wallpaper,extradelight,false,,,,,,,
extradelight:dark_oak_molded_pink_wallpaper,extradelight,false,,,,,,,
extradelight:dark_oak_molded_purple_wallpaper,extradelight,false,,,,,,,
extradelight:dark_oak_molded_red_wallpaper,extradelight,false,,,,,,,
extradelight:dark_oak_molded_white_wallpaper,extradelight,false,,,,,,,
extradelight:dark_oak_molded_yellow_wallpaper,extradelight,false,,,,,,,
extradelight:dark_oak_sink,extradelight,false,,,,,,,
extradelight:dark_oak_spice_rack,extradelight,false,,,,,,,
extradelight:dark_oak_spice_rack_full,extradelight,false,,,,,,,
extradelight:dark_oak_step_stool,extradelight,false,,,,,,,
extradelight:dark_oak_wreath,extradelight,false,,,,,,,
farmersdelight:debug_pumpkin_pie,farmersdelight,false,,,,,,,
extradelight:devilled_sausages,extradelight,false,10,16.00,"farmersdelight:comfort,3600,0,1.00;farmersdelight:nourishment,3600,0,1.00",false,,,create:upright_on_belt
farmersdelight:diamond_knife,farmersdelight,false,,,,,,,c:enchantables;c:tools;c:tools/knife;farmersdelight:enchantable/knife;farmersdelight:straw_harvesters;farmersdelight:tools/knives;minecraft:breaks_decorated_pots;minecraft:enchantable/durability;minecraft:enchantable/fire_aspect;minecraft:enchantable/mining;minecraft:enchantable/mining_loot;minecraft:enchantable/sharp_weapon;minecraft:enchantable/sword;minecraft:enchantable/vanishing;minecraft:enchantable/weapon
extradelight:diamond_spoon,extradelight,false,,,,,,,c:spoons;c:tools
extradelight:dirt_cake,extradelight,false,10,12.00,"farmersdelight:comfort,3600,0,1.00;minecraft:speed,600,0,1.00",false,,,
farm_and_charm:dog_food,farm_and_charm,false,,,,,,,create:upright_on_belt
farmersdelight:dog_food,farmersdelight,false,4,1.60,,false,,,c:animal_foods;c:foods;create:upright_on_belt;minecraft:meat;minecraft:wolf_food
farm_and_charm:dog_food_bag,farm_and_charm,false,,,,,,,
farm_and_charm:dough,farm_and_charm,false,2,0.40,,false,,,c:dough;c:doughs;farm_and_charm:dough
extradelight:dough_shaping,extradelight,false,,,,,,,
brewery:drawer,brewery,false,,,,,,,
brewinandchewin:dread_nog,brewinandchewin,true,0,0.00,"brewinandchewin:tipsy,4800,2,1.00;brewinandchewin:intoxication,4200,0,1.00;minecraft:bad_omen,72000,0,1.00",true,12,22,brewinandchewin:fermented_drinks;origins:ignore_diet
brewery:dried_barley,brewery,false,,,,,,,
herbalbrews:dried_black_tea,herbalbrews,false,1,0.20,,true,,,
extradelight:dried_chili,extradelight,false,3,3.60,"minecraft:fire_resistance,600,0,1.00",false,,,c:crops/chili/dried;extradelight:chocolate_bar_filling
brewery:dried_corn,brewery,false,,,,,,,
extradelight:dried_corn_husk,extradelight,false,,,,,,,c:animal_foods;extradelight:corn_dim_confiscate;minecraft:cow_food;minecraft:sheep_food
extradelight:dried_corn_husk_bundle,extradelight,false,,,,,,,c:animal_foods;c:storage_blocks;c:storage_blocks_dried_corn_husk;minecraft:llama_food
extradelight:dried_fruit,extradelight,false,4,2.40,,false,,,c:fruit/dried;extradelight:chocolate_bar_filling;salt:can_be_salted
herbalbrews:dried_green_tea,herbalbrews,false,1,0.20,,true,,,
herbalbrews:dried_green_tea_leaf_block,herbalbrews,false,,,,,,,
brewery:dried_oat,brewery,false,,,,,,,
herbalbrews:dried_oolong_tea,herbalbrews,false,1,0.20,,true,,,
herbalbrews:dried_out_green_tea_leaf_block,herbalbrews,false,,,,,,,
brewery:dried_wheat,brewery,false,,,,,,,
extradelight:drying_rack_item,extradelight,false,,,,,,,
brewery:dumplings,brewery,false,6,6.00,"brewery:stoutheart,6000,0,1.00",true,,,
farmersdelight:dumplings,farmersdelight,false,8,12.80,,false,,,c:foods;farmersdelight:snacks
farm_and_charm:dungarees,farm_and_charm,false,,,,,,,
extradelight:dynamic_jam,extradelight,false,1,0.20,,false,,,c:jams;c:jellies;extradelight:chocolate_truffle_filling;extradelight:toast_topping
extradelight:dynamic_toast,extradelight,false,3,3.60,,false,,,
extradelight:easter_egg,extradelight,false,4,0.80,"minecraft:absorption,1200,0,1.00;farmersdelight:comfort,600,0,1.00",false,,,
extradelight:edamame,extradelight,false,5,1.00,,false,,,create:upright_on_belt
extradelight:egg_crate,extradelight,false,,,,,,,c:storage_blocks;c:storage_blocks_eggs
brewinandchewin:egg_grog,brewinandchewin,true,0,0.00,"brewinandchewin:tipsy,2400,0,1.00;brewinandchewin:intoxication,1800,0,1.00;minecraft:absorption,600,0,1.00",true,10,14,brewinandchewin:fermented_drinks;origins:ignore_diet
extradelight:egg_in_the_basket,extradelight,false,5,6.00,,false,,,salt:can_be_salted
extradelight:egg_mix,extradelight,false,,,,,,,create:upright_on_belt
extradelight:egg_mix_fluid_bucket,extradelight,false,,,,,,,
extradelight:egg_salad,extradelight,false,3,2.40,,false,,,create:upright_on_belt;extradelight:riceball_filling;salt:can_be_salted
extradelight:egg_salad_sandwich,extradelight,false,8,12.80,,false,,,salt:can_be_salted
farmersdelight:egg_sandwich,farmersdelight,false,8,12.80,,false,,,c:foods;farmersdelight:snacks
extradelight:egg_white,extradelight,false,,,,,,,create:upright_on_belt
extradelight:egg_white_fluid_bucket,extradelight,false,,,,,,,
extradelight:egg_yolk,extradelight,false,,,,,,,extradelight:egg_or_yolk
extradelight:eggnog,extradelight,true,,,,,,,create:upright_on_belt;toughasnails:drinks;toughasnails:heating_consumed_items;toughasnails:thirst/2_thirst_drinks
oceansdelight:elder_guardian_roll,oceansdelight,false,7,8.40,,false,,,
oceansdelight:elder_guardian_slab,oceansdelight,false,9,7.20,,false,,,
oceansdelight:elder_guardian_slice,oceansdelight,false,1,0.20,"minecraft:mining_fatigue,3000,0,0.50",false,,,
endersdelight:ender_paella,endersdelight,false,4,3.20,"minecraft:resistance,1800,0,1.00;farmersdelight:nourishment,6000,0,1.00",false,,,
endersdelight:ender_shard,endersdelight,false,,,,,,,endersdelight:enderman_loot
endersdelight:enderman_sight,endersdelight,false,,,,,,,endersdelight:enderman_sight
endersdelight:endermite_stew,endersdelight,false,4,3.20,"minecraft:strength,600,0,1.00;farmersdelight:nourishment,6000,0,1.00",false,,,c:foods;c:foods/soup
endersdelight:endstone_stove,endersdelight,false,,,,,,,
endersdelight:ethereal_saffron,endersdelight,false,,,,,,,
extradelight:eton_mess,extradelight,false,8,9.60,"farmersdelight:comfort,6000,0,1.00",false,,,
extradelight:evaporator,extradelight,false,,,,,,,
farm_and_charm:farmer_salad,farm_and_charm,false,7,0.60,"farm_and_charm:satiation,4800,0,1.00",true,,,create:upright_on_belt
farm_and_charm:farmers_bread,farm_and_charm,false,6,0.80,"farm_and_charm:farmers_blessing,3600,0,1.00",false,,,c:bread;c:foods;c:foods/bread;create:upright_on_belt;farm_and_charm:bread
farm_and_charm:farmers_breakfast,farm_and_charm,false,12,1.20,"farm_and_charm:farmers_blessing,9600,0,1.00",false,,,
extradelight:fat_potatoes,extradelight,false,7,8.40,"farmersdelight:comfort,600,0,1.00",false,,,create:upright_on_belt;salt:can_be_salted
farm_and_charm:feeding_trough,farm_and_charm,false,,,,,,,
farm_and_charm:fertilized_farmland,farm_and_charm,false,,,,,,,
farm_and_charm:fertilized_soil,farm_and_charm,false,,,,,,,
farm_and_charm:fertilizer,farm_and_charm,false,,,,,,,c:fertilizers
brewinandchewin:fiery_fondue,brewinandchewin,false,14,21.00,"farmersdelight:nourishment,8400,0,1.00",false,,,c:foods;c:foods/soup;origins:meat
brewinandchewin:fiery_fondue_pot,brewinandchewin,false,,,,,,,c:foods;c:foods/edible_when_placed
extradelight:fish_cakes,extradelight,false,9,10.80,,false,,,salt:can_be_salted
extradelight:fish_chips,extradelight,false,18,21.60,"farmersdelight:comfort,3600,0,1.00;farmersdelight:nourishment,3600,0,1.00",false,,,salt:can_be_salted
extradelight:fish_flakes,extradelight,false,,,,,,,c:fish_flakes;create:upright_on_belt
extradelight:fish_salad,extradelight,false,12,14.40,,false,,,create:upright_on_belt;extradelight:riceball_filling;salt:can_be_salted
extradelight:fish_salad_sandwich,extradelight,false,17,20.40,,false,,,salt:can_be_salted
extradelight:fish_sauce_item,extradelight,false,2,0.40,,false,,,c:fish_sauce;create:upright_on_belt
extradelight:fish_soup,extradelight,false,8,11.20,"farmersdelight:comfort,6000,0,1.00",false,,,c:foods;c:foods/soup;create:upright_on_belt;salt:can_be_salted;toughasnails:heating_consumed_items
farmersdelight:fish_stew,farmersdelight,false,12,19.20,"farmersdelight:nourishment,3600,0,1.00",false,4,5,c:foods;c:foods/soup;create:upright_on_belt;farmersdelight:meals
extradelight:fish_stew_feast,extradelight,false,,,,,,,
extradelight:fish_stew_rice,extradelight,false,18,28.80,"farmersdelight:comfort,6000,0,1.00",false,,,create:upright_on_belt;salt:can_be_salted;toughasnails:heating_consumed_items
herbalbrews:flask,herbalbrews,true,,,,,,,
brewinandchewin:flaxen_cheese_wedge,brewinandchewin,false,4,8.00,,false,,,brewinandchewin:foods/cheese_wedge;c:cheese;c:foods;extradelight:riceball_filling
brewinandchewin:flaxen_cheese_wheel,brewinandchewin,false,,,,,,,brewinandchewin:cheese_wheels/ripe;c:foods;c:foods/edible_when_placed
farmersdelight:flint_knife,farmersdelight,false,,,,,,,c:enchantables;c:tools;c:tools/knife;farmersdelight:enchantable/knife;farmersdelight:straw_harvesters;farmersdelight:tools/knives;minecraft:breaks_decorated_pots;minecraft:enchantable/durability;minecraft:enchantable/fire_aspect;minecraft:enchantable/mining;minecraft:enchantable/mining_loot;minecraft:enchantable/sharp_weapon;minecraft:enchantable/sword;minecraft:enchantable/vanishing;minecraft:enchantable/weapon
extradelight:flour,extradelight,false,,,,,,,c:flour;c:flours/wheat;farm_and_charm:flour
farm_and_charm:flour,farm_and_charm,false,,,,,,,c:flour;c:flours;create:upright_on_belt;farm_and_charm:flour
farm_and_charm:flour_bag,farm_and_charm,false,,,,,,,
extradelight:flour_sack,extradelight,false,,,,,,,c:storage_blocks;c:storage_blocks_flour
extradelight:flowering_azalea_wreath,extradelight,false,,,,,,,
extradelight:fluffer_nutter,extradelight,false,8,9.60,,false,,,
extradelight:french_fries,extradelight,false,6,7.20,,false,,,salt:can_be_salted
extradelight:french_toast,extradelight,false,2,2.40,"farmersdelight:comfort,600,0,1.00",false,,,create:upright_on_belt;salt:can_be_salted
extradelight:fried_brains,extradelight,false,11,17.60,,false,,,salt:can_be_salted
brewery:fried_chicken,brewery,false,6,7.20,"brewery:stoutheart,1500,0,1.00",true,,,c:cooked_chicken;farm_and_charm:cooked_chicken
extradelight:fried_chicken,extradelight,false,13,15.60,"farmersdelight:comfort,3600,0,1.00",false,,,salt:can_be_salted
farmersdelight:fried_egg,farmersdelight,false,4,3.20,,false,,,c:foods;c:foods/cooked_egg;origins:meat
extradelight:fried_fish,extradelight,false,12,14.40,,false,,,salt:can_be_salted
extradelight:fried_mushrooms,extradelight,false,5,6.00,,false,,,salt:can_be_salted
farmersdelight:fried_rice,farmersdelight,false,12,19.20,"farmersdelight:nourishment,3600,0,1.00",false,,,c:foods;create:upright_on_belt;farmersdelight:meals
extradelight:frosting_black,extradelight,false,0,0.00,"minecraft:speed,600,0,1.00",true,,,c:frosting;c:frosting/black;extradelight:chocolate_truffle_filling
extradelight:frosting_blue,extradelight,false,0,0.00,"minecraft:speed,600,0,1.00",true,,,c:frosting;c:frosting/blue;extradelight:chocolate_truffle_filling
extradelight:frosting_brown,extradelight,false,0,0.00,"minecraft:speed,600,0,1.00",true,,,c:frosting;c:frosting/brown;extradelight:chocolate_truffle_filling
extradelight:frosting_cyan,extradelight,false,0,0.00,"minecraft:speed,600,0,1.00",true,,,c:frosting;c:frosting/cyan;extradelight:chocolate_truffle_filling
extradelight:frosting_gray,extradelight,false,0,0.00,"minecraft:speed,600,0,1.00",true,,,c:frosting;c:frosting/gray;extradelight:chocolate_truffle_filling
extradelight:frosting_green,extradelight,false,0,0.00,"minecraft:speed,600,0,1.00",true,,,c:frosting;c:frosting/green;extradelight:chocolate_truffle_filling
extradelight:frosting_light_blue,extradelight,false,0,0.00,"minecraft:speed,600,0,1.00",true,,,c:frosting;c:frosting/light_blue;extradelight:chocolate_truffle_filling
extradelight:frosting_light_gray,extradelight,false,0,0.00,"minecraft:speed,600,0,1.00",true,,,c:frosting;c:frosting/light_gray;extradelight:chocolate_truffle_filling
extradelight:frosting_lime,extradelight,false,0,0.00,"minecraft:speed,600,0,1.00",true,,,c:frosting;c:frosting/lime;extradelight:chocolate_truffle_filling
extradelight:frosting_magenta,extradelight,false,0,0.00,"minecraft:speed,600,0,1.00",true,,,c:frosting;c:frosting/magenta;extradelight:chocolate_truffle_filling
extradelight:frosting_orange,extradelight,false,0,0.00,"minecraft:speed,600,0,1.00",true,,,c:frosting;c:frosting/orange;extradelight:chocolate_truffle_filling
extradelight:frosting_pink,extradelight,false,0,0.00,"minecraft:speed,600,0,1.00",true,,,c:frosting;c:frosting/pink;extradelight:chocolate_truffle_filling
extradelight:frosting_purple,extradelight,false,0,0.00,"minecraft:speed,600,0,1.00",true,,,c:frosting;c:frosting/purple;extradelight:chocolate_truffle_filling
extradelight:frosting_red,extradelight,false,0,0.00,"minecraft:speed,600,0,1.00",true,,,c:frosting;c:frosting/red;extradelight:chocolate_truffle_filling
extradelight:frosting_white,extradelight,false,0,0.00,"minecraft:speed,600,0,1.00",true,,,c:frosting;c:frosting/white;extradelight:chocolate_truffle_filling
extradelight:frosting_yellow,extradelight,false,0,0.00,"minecraft:speed,600,0,1.00",true,,,c:frosting;c:frosting/yellow;extradelight:chocolate_truffle_filling
extradelight:fruit_bowl,extradelight,false,,,,,,,
extradelight:fruit_bread,extradelight,false,9,10.80,,false,,,
extradelight:fruit_button,extradelight,false,,,,,,,minecraft:buttons;minecraft:wooden_buttons
extradelight:fruit_cabinet,extradelight,false,,,,,,,
extradelight:fruit_counter_cabinet,extradelight,false,,,,,,,
extradelight:fruit_door,extradelight,false,,,,,,,minecraft:doors;minecraft:wooden_doors
extradelight:fruit_dried_corn_fence,extradelight,false,,,,,,,
extradelight:fruit_fence,extradelight,false,,,,,,,c:fences;c:fences/wooden;minecraft:fences;minecraft:wooden_fences
extradelight:fruit_fence_gate,extradelight,false,,,,,,,minecraft:fence_gates
extradelight:fruit_food_display,extradelight,false,,,,,,,
extradelight:fruit_half_cabinet,extradelight,false,,,,,,,
extradelight:fruit_knife_block,extradelight,false,,,,,,,
extradelight:fruit_log,extradelight,false,,,,,,,c:fruit_logs;minecraft:completes_find_tree_tutorial;minecraft:logs;minecraft:logs_that_burn
extradelight:fruit_molded_black_wallpaper,extradelight,false,,,,,,,
extradelight:fruit_molded_blue_wallpaper,extradelight,false,,,,,,,
extradelight:fruit_molded_brown_wallpaper,extradelight,false,,,,,,,
extradelight:fruit_molded_cyan_wallpaper,extradelight,false,,,,,,,
extradelight:fruit_molded_gray_wallpaper,extradelight,false,,,,,,,
extradelight:fruit_molded_green_wallpaper,extradelight,false,,,,,,,
extradelight:fruit_molded_light_blue_wallpaper,extradelight,false,,,,,,,
extradelight:fruit_molded_light_gray_wallpaper,extradelight,false,,,,,,,
extradelight:fruit_molded_lime_wallpaper,extradelight,false,,,,,,,
extradelight:fruit_molded_magenta_wallpaper,extradelight,false,,,,,,,
extradelight:fruit_molded_orange_wallpaper,extradelight,false,,,,,,,
extradelight:fruit_molded_pink_wallpaper,extradelight,false,,,,,,,
extradelight:fruit_molded_purple_wallpaper,extradelight,false,,,,,,,
extradelight:fruit_molded_red_wallpaper,extradelight,false,,,,,,,
extradelight:fruit_molded_white_wallpaper,extradelight,false,,,,,,,
extradelight:fruit_molded_yellow_wallpaper,extradelight,false,,,,,,,
extradelight:fruit_planks,extradelight,false,,,,,,,minecraft:planks
extradelight:fruit_pressure_plate,extradelight,false,,,,,,,minecraft:wooden_pressure_plates
farmersdelight:fruit_salad,farmersdelight,false,6,7.20,"minecraft:regeneration,100,0,1.00",false,6,8,c:foods;create:upright_on_belt;farmersdelight:sweets
extradelight:fruit_sink,extradelight,false,,,,,,,
extradelight:fruit_slab,extradelight,false,,,,,,,minecraft:slabs;minecraft:wooden_slabs
extradelight:fruit_spice_rack,extradelight,false,,,,,,,
extradelight:fruit_spice_rack_full,extradelight,false,,,,,,,
extradelight:fruit_stairs,extradelight,false,,,,,,,minecraft:stairs;minecraft:wooden_stairs
extradelight:fruit_step_stool,extradelight,false,,,,,,,
extradelight:fruit_trapdoor,extradelight,false,,,,,,,minecraft:trapdoors;minecraft:wooden_trapdoors
extradelight:fruit_wood,extradelight,false,,,,,,,c:fruit_logs;minecraft:completes_find_tree_tutorial;minecraft:logs;minecraft:logs_that_burn
extradelight:fudge,extradelight,false,2,2.40,"farmersdelight:comfort,600,0,1.00",false,,,c:fudge;extradelight:chocolate_truffle_filling
extradelight:fudge_block,extradelight,false,,,,,,,
extradelight:fudge_popsicle,extradelight,false,3,1.20,,true,,,toughasnails:cooling_consumed_items
oceansdelight:fugu_roll,oceansdelight,false,7,8.40,,false,,,
oceansdelight:fugu_slice,oceansdelight,false,1,0.20,,false,,,
farmersdelight:full_tatami_mat,farmersdelight,false,,,,,,,
extradelight:funnel,extradelight,false,,,,,,,
extradelight:furikake,extradelight,false,,,,,,,create:upright_on_belt
extradelight:furikake_rice,extradelight,false,6,4.80,"minecraft:dolphins_grace,600,0,1.00",false,,,create:upright_on_belt;salt:can_be_salted
extradelight:garlic,extradelight,false,1,0.60,,false,,,c:crops;c:crops/garlic;farm_and_charm:crops
extradelight:garlic_bread,extradelight,false,4,4.80,,false,,,
extradelight:garlic_clove,extradelight,false,1,0.60,,false,,,extradelight:processed/garlic;extradelight:processed/produce;extradelight:processed/vegetable;farm_and_charm:feeding_trough_food;minecraft:villager_plantable_seeds;sereneseasons:spring_crops;sereneseasons:summer_crops;sereneseasons:winter_crops
extradelight:garlic_crate,extradelight,false,,,,,,,c:storage_blocks;c:storage_blocks_garlic
extradelight:gazpacho,extradelight,false,8,9.60,"farmersdelight:comfort,600,0,1.00;farmersdelight:nourishment,3600,0,1.00",false,,,create:upright_on_belt
extradelight:gherkin_item,extradelight,false,6,3.60,"extradelight:pickled,6000,0,1.00",false,,,c:foods/pickled;c:foods/pickled/vegetables;c:foods/pickled/vegetables/cucumber;extradelight:processed/pickled/cucumber
extradelight:gherkins_block_item,extradelight,false,,,,,,,
extradelight:ginger,extradelight,false,1,0.60,,false,,,c:animal_foods;c:crops;c:crops/ginger;farm_and_charm:crops;minecraft:pig_food
extradelight:ginger_beer,extradelight,true,,,,,,,create:upright_on_belt;toughasnails:drinks;toughasnails:thirst/4_thirst_drinks
extradelight:ginger_crate,extradelight,false,,,,,,,c:storage_blocks;c:storage_blocks_ginger
extradelight:ginger_cutting,extradelight,false,,,,,,,farm_and_charm:feeding_trough_food;minecraft:villager_plantable_seeds;sereneseasons:spring_crops;sereneseasons:summer_crops
brewery:gingerbread,brewery,false,,,,,,,
extradelight:gingerbread_alex,extradelight,false,2,0.40,,false,,,c:foods;c:foods/cookie;c:foods/cookie/gingerbread
extradelight:gingerbread_block_black,extradelight,false,,,,,,,
extradelight:gingerbread_block_blue,extradelight,false,,,,,,,
extradelight:gingerbread_block_brown,extradelight,false,,,,,,,
extradelight:gingerbread_block_cyan,extradelight,false,,,,,,,
extradelight:gingerbread_block_gray,extradelight,false,,,,,,,
extradelight:gingerbread_block_green,extradelight,false,,,,,,,
extradelight:gingerbread_block_light_blue,extradelight,false,,,,,,,
extradelight:gingerbread_block_light_gray,extradelight,false,,,,,,,
extradelight:gingerbread_block_lime,extradelight,false,,,,,,,
extradelight:gingerbread_block_magenta,extradelight,false,,,,,,,
extradelight:gingerbread_block_orange,extradelight,false,,,,,,,
extradelight:gingerbread_block_pink,extradelight,false,,,,,,,
extradelight:gingerbread_block_purple,extradelight,false,,,,,,,
extradelight:gingerbread_block_red,extradelight,false,,,,,,,
extradelight:gingerbread_block_white,extradelight,false,,,,,,,
extradelight:gingerbread_block_yellow,extradelight,false,,,,,,,
extradelight:gingerbread_cookie,extradelight,false,2,0.40,,false,,,c:foods;c:foods/cookie;c:foods/cookie/gingerbread
extradelight:gingerbread_cookie_block_item,extradelight,false,,,,,,,
extradelight:gingerbread_cookie_dough,extradelight,false,1,0.20,,false,,,c:cookie_dough;c:cookie_dough/gingerbread
extradelight:gingerbread_creeper,extradelight,false,2,0.40,,false,,,c:foods;c:foods/cookie;c:foods/cookie/gingerbread
extradelight:gingerbread_diamond,extradelight,false,2,0.40,,false,,,c:foods;c:foods/cookie;c:foods/cookie/gingerbread
extradelight:gingerbread_emerald,extradelight,false,2,0.40,,false,,,c:foods;c:foods/cookie;c:foods/cookie/gingerbread
extradelight:gingerbread_pickaxe,extradelight,false,2,0.40,,false,,,c:foods;c:foods/cookie;c:foods/cookie/gingerbread
extradelight:gingerbread_steve,extradelight,false,2,0.40,,false,,,c:foods;c:foods/cookie;c:foods/cookie/gingerbread
extradelight:gingerbread_sword,extradelight,false,2,0.40,,false,,,c:foods;c:foods/cookie;c:foods/cookie/gingerbread
extradelight:gingerbread_villager,extradelight,false,2,0.40,,false,,,
extradelight:gingham_black,extradelight,false,,,,,,,c:dyed;c:dyed/black
extradelight:gingham_blue,extradelight,false,,,,,,,c:dyed;c:dyed/blue
extradelight:gingham_brown,extradelight,false,,,,,,,c:dyed;c:dyed/brown
extradelight:gingham_carpet_black,extradelight,false,,,,,,,c:dyed;c:dyed/black
extradelight:gingham_carpet_blue,extradelight,false,,,,,,,c:dyed;c:dyed/blue
extradelight:gingham_carpet_brown,extradelight,false,,,,,,,c:dyed;c:dyed/brown
extradelight:gingham_carpet_cyan,extradelight,false,,,,,,,c:dyed;c:dyed/cyan
extradelight:gingham_carpet_gray,extradelight,false,,,,,,,c:dyed;c:dyed/gray
extradelight:gingham_carpet_green,extradelight,false,,,,,,,c:dyed;c:dyed/green
extradelight:gingham_carpet_light_blue,extradelight,false,,,,,,,c:dyed;c:dyed/light_blue
extradelight:gingham_carpet_light_gray,extradelight,false,,,,,,,c:dyed;c:dyed/light_gray
extradelight:gingham_carpet_lime,extradelight,false,,,,,,,c:dyed;c:dyed/lime
extradelight:gingham_carpet_magenta,extradelight,false,,,,,,,c:dyed;c:dyed/magenta
extradelight:gingham_carpet_orange,extradelight,false,,,,,,,c:dyed;c:dyed/orange
extradelight:gingham_carpet_pink,extradelight,false,,,,,,,c:dyed;c:dyed/pink
extradelight:gingham_carpet_purple,extradelight,false,,,,,,,c:dyed;c:dyed/purple
extradelight:gingham_carpet_red,extradelight,false,,,,,,,c:dyed;c:dyed/red
extradelight:gingham_carpet_white,extradelight,false,,,,,,,c:dyed;c:dyed/white
extradelight:gingham_carpet_yellow,extradelight,false,,,,,,,c:dyed;c:dyed/yellow
extradelight:gingham_cyan,extradelight,false,,,,,,,c:dyed;c:dyed/cyan
extradelight:gingham_gray,extradelight,false,,,,,,,c:dyed;c:dyed/gray
extradelight:gingham_green,extradelight,false,,,,,,,c:dyed;c:dyed/green
extradelight:gingham_light_blue,extradelight,false,,,,,,,c:dyed;c:dyed/light_blue
extradelight:gingham_light_gray,extradelight,false,,,,,,,c:dyed;c:dyed/light_gray
extradelight:gingham_lime,extradelight,false,,,,,,,c:dyed;c:dyed/lime
extradelight:gingham_magenta,extradelight,false,,,,,,,c:dyed;c:dyed/magenta
extradelight:gingham_orange,extradelight,false,,,,,,,c:dyed;c:dyed/orange
extradelight:gingham_pink,extradelight,false,,,,,,,c:dyed;c:dyed/pink
extradelight:gingham_purple,extradelight,false,,,,,,,c:dyed;c:dyed/purple
extradelight:gingham_red,extradelight,false,,,,,,,c:dyed;c:dyed/red
extradelight:gingham_white,extradelight,false,,,,,,,c:dyed;c:dyed/white
extradelight:gingham_yellow,extradelight,false,,,,,,,c:dyed;c:dyed/yellow
extradelight:glazed_carrot,extradelight,false,3,3.60,,false,,,
farmersdelight:gleaming_salad,farmersdelight,false,14,21.00,"farmersdelight:nourishment,6000,0,1.00",false,,,c:foods;create:upright_on_belt;farmersdelight:meals
farmersdelight:gleaming_salad_block,farmersdelight,false,,,,,,,c:foods;c:foods/edible_when_placed;create:upright_on_belt;farmersdelight:feasts
brewinandchewin:glittering_grenadine,brewinandchewin,true,0,0.00,"brewinandchewin:tipsy,2400,0,1.00;brewinandchewin:intoxication,1800,0,1.00;minecraft:glowing,600,0,1.00;minecraft:night_vision,600,0,1.00",true,10,14,brewinandchewin:fermented_drinks;origins:ignore_diet
extradelight:glow_berry_cheesecake,extradelight,false,,,,,,,create:upright_on_belt
extradelight:glow_berry_cheesecake_slice,extradelight,false,3,1.80,"minecraft:speed,600,0,1.00",false,,,
extradelight:glow_berry_cookie,extradelight,false,2,0.40,,false,,,c:foods;c:foods/cookie
extradelight:glow_berry_cookie_block_item,extradelight,false,,,,,,,
extradelight:glow_berry_cookie_dough,extradelight,false,1,0.20,,false,,,c:cookie_dough;c:cookie_dough/glow_berry
extradelight:glow_berry_crate,extradelight,false,,,,,,,c:storage_blocks;c:storage_blocks_glow_berries
farmersdelight:glow_berry_custard,farmersdelight,false,7,8.40,"minecraft:glowing,100,0,1.00",true,,,c:foods;c:foods/custard;farmersdelight:sweets
extradelight:glow_berry_fluid_bucket,extradelight,false,,,,,,,
extradelight:glow_berry_ice_cream,extradelight,false,6,7.20,,true,,,c:ice_cream;create:upright_on_belt;toughasnails:cooling_consumed_items
extradelight:glow_berry_juice,extradelight,true,,,,,,,c:juice;create:upright_on_belt;toughasnails:drinks;toughasnails:thirst/6_thirst_drinks
brewinandchewin:glow_berry_marmalade,brewinandchewin,true,6,4.80,,false,,,c:foods
extradelight:glow_berry_milkshake,extradelight,true,,,,,,,create:upright_on_belt;toughasnails:drinks;toughasnails:thirst/2_thirst_drinks
extradelight:glow_berry_pie,extradelight,false,,,,,,,create:upright_on_belt
extradelight:glow_berry_pie_slice,extradelight,false,3,1.80,"minecraft:speed,600,0,1.00",false,,,
extradelight:glow_berry_popsicle,extradelight,false,3,1.20,,true,,,toughasnails:cooling_consumed_items
extradelight:gold_spoon,extradelight,false,,,,,,,c:spoons;c:tools
extradelight:golden_apple_crate,extradelight,false,,,,,,,c:storage_blocks;c:storage_blocks_golden_apple
extradelight:golden_carrot_crate_block,extradelight,false,,,,,,,c:storage_blocks;c:storage_blocks_golden_carrot
farmersdelight:golden_knife,farmersdelight,false,,,,,,,c:enchantables;c:tools;c:tools/knife;farmersdelight:enchantable/knife;farmersdelight:straw_harvesters;farmersdelight:tools/knives;minecraft:breaks_decorated_pots;minecraft:enchantable/durability;minecraft:enchantable/fire_aspect;minecraft:enchantable/mining;minecraft:enchantable/mining_loot;minecraft:enchantable/sharp_weapon;minecraft:enchantable/sword;minecraft:enchantable/vanishing;minecraft:enchantable/weapon;minecraft:piglin_loved
farm_and_charm:goulash,farm_and_charm,false,8,0.90,,true,,,c:cooked_mutton;c:foods;c:foods/cooked_meat;create:upright_on_belt;farm_and_charm:cooked_mutton;origins:meat
extradelight:gourmet_hot_chocolate,extradelight,true,,,,,,,create:upright_on_belt;toughasnails:drinks;toughasnails:heating_consumed_items;toughasnails:thirst/4_thirst_drinks
extradelight:graham_cracker,extradelight,false,2,1.60,,false,,,c:graham_cracker
farm_and_charm:grandmothers_strawberry_cake,farm_and_charm,false,4,0.70,"farm_and_charm:grandmas_blessing,2400,0,1.00",false,,,create:upright_on_belt
extradelight:grapefruit,extradelight,false,3,1.80,"extradelight:sour_pucker,600,0,0.50",false,,,c:crops/grapefruit;c:fruit;extradelight:chocolate_bar_filling;extradelight:marmalade_ingredient;extradelight:processed/citrus;extradelight:processed/fruit;extradelight:processed/grapefruit;extradelight:processed/produce
extradelight:grapefruit_beetroot_salad,extradelight,false,5,6.00,"farmersdelight:nourishment,3600,0,1.00",false,,,create:upright_on_belt
extradelight:grapefruit_crate_item,extradelight,false,,,,,,,c:storage_blocks;c:storage_blocks_grapefruit
extradelight:grapefruit_juice,extradelight,true,,,,,,,c:juice;create:upright_on_belt
extradelight:grapefruit_juice_fluid_bucket,extradelight,false,,,,,,,
extradelight:grapefruit_leaves,extradelight,false,,,,,,,
extradelight:grapefruit_petal_litter_item,extradelight,false,,,,,,,
extradelight:grapefruit_sapling,extradelight,false,,,,,,,minecraft:saplings;sereneseasons:autumn_crops;sereneseasons:summer_crops;sereneseasons:winter_crops
extradelight:grapefruit_sorbet,extradelight,false,3,1.80,"farmersdelight:comfort,3600,0,1.00;extradelight:sunshine,6000,1,0.00",false,,,create:upright_on_belt;toughasnails:cooling_consumed_items
extradelight:grapefruit_wreath,extradelight,false,,,,,,,
extradelight:grasshopper_pie,extradelight,false,,,,,,,create:upright_on_belt
extradelight:grasshopper_pie_slice,extradelight,false,1,0.80,"farmersdelight:comfort,600,0,1.00",false,,,
extradelight:grated_carrot,extradelight,false,3,3.60,,false,,,c:carrot/grated;c:miso_soup_ingredients;extradelight:processed/carrot;extradelight:processed/produce;extradelight:processed/vegetable
extradelight:grated_garlic,extradelight,false,1,0.60,,false,,,extradelight:processed/garlic;extradelight:processed/produce;extradelight:processed/vegetable
extradelight:grated_ginger,extradelight,false,1,0.60,,false,,,c:ginger/grated;c:tea_ingredients;extradelight:processed/ginger
extradelight:grated_potato,extradelight,false,1,0.60,,false,,,c:food/starch;c:miso_soup_ingredients;c:potato/grated;extradelight:processed/potato;extradelight:processed/produce;extradelight:processed/vegetable
extradelight:grater,extradelight,false,,,,,,,
extradelight:gravy_boat_item,extradelight,false,,,,,,,c:gravy;create:upright_on_belt;toughasnails:heating_consumed_items
extradelight:gravy_fluid_bucket,extradelight,false,,,,,,,
farmersdelight:gray_canvas_sign,farmersdelight,false,,,,,,,farmersdelight:canvas_signs;minecraft:signs
extradelight:gray_chocolate_box,extradelight,false,,,,,,,c:dyed;c:dyed/gray
farmersdelight:gray_hanging_canvas_sign,farmersdelight,false,,,,,,,farmersdelight:hanging_canvas_signs;minecraft:hanging_signs
extradelight:gray_picnic_basket,extradelight,false,,,,,,,
farmersdelight:green_canvas_sign,farmersdelight,false,,,,,,,farmersdelight:canvas_signs;minecraft:signs
extradelight:green_chocolate_box,extradelight,false,,,,,,,c:dyed;c:dyed/green
extradelight:green_coffee,extradelight,false,2,0.40,"minecraft:speed,600,0,1.00",false,,,c:crops/coffee/green
extradelight:green_coffee_bean_sack,extradelight,false,,,,,,,c:storage_blocks;c:storage_blocks_green_coffee
farmersdelight:green_hanging_canvas_sign,farmersdelight,false,,,,,,,farmersdelight:hanging_canvas_signs;minecraft:hanging_signs
extradelight:green_picnic_basket,extradelight,false,,,,,,,
herbalbrews:green_tea,herbalbrews,true,2,1.60,,true,,,
herbalbrews:green_tea_leaf,herbalbrews,false,,,,,,,
herbalbrews:green_tea_leaf_block,herbalbrews,false,,,,,,,
extradelight:grilled_cheese,extradelight,false,12,14.40,,false,,,salt:can_be_salted
extradelight:grilled_corn_on_cob,extradelight,false,3,3.60,,false,,,extradelight:corn_dim_confiscate;salt:can_be_salted
extradelight:grilled_grapefruit,extradelight,false,4,2.40,"extradelight:sunshine,6000,1,1.00",false,,,
farmersdelight:grilled_salmon,farmersdelight,false,14,21.00,"farmersdelight:nourishment,3600,0,1.00",false,,,c:foods;create:upright_on_belt;farmersdelight:meals
extradelight:ground_cinnamon,extradelight,false,,,,,,,c:cinnamon/ground;c:dusts/cinnamon;c:groundcinnamon
extradelight:ground_cinnamon_sack,extradelight,false,,,,,,,c:storage_blocks;c:storage_blocks_ground_cinnamon
extradelight:ground_coffee,extradelight,false,,,,,,,c:crops/coffee/ground
extradelight:ground_coffee_sack,extradelight,false,,,,,,,c:storage_blocks;c:storage_blocks_ground_coffee
oceansdelight:guardian,oceansdelight,false,,,,,,,
oceansdelight:guardian_soup,oceansdelight,false,,,,,,,
oceansdelight:guardian_tail,oceansdelight,false,2,0.80,,false,,,
extradelight:gummies,extradelight,false,1,0.60,"minecraft:speed,600,0,1.00",false,,,c:gummies;extradelight:chocolate_bar_filling
extradelight:haggis,extradelight,false,6,9.60,"farmersdelight:comfort,3600,0,1.00;farmersdelight:nourishment,3600,0,1.00",false,,,create:upright_on_belt;salt:can_be_salted
extradelight:haggis_block_item,extradelight,false,,,,,,,
brewery:half_chicken,brewery,false,6,7.20,"brewery:stoutheart,900,0,1.00",true,,,c:cooked_chicken;farm_and_charm:cooked_chicken
farmersdelight:half_tatami_mat,farmersdelight,false,,,,,,,
farmersdelight:ham,farmersdelight,false,5,3.00,,false,,,c:animal_foods;c:foods;minecraft:meat;minecraft:wolf_food
brewinandchewin:ham_and_cheese_sandwich,brewinandchewin,false,9,18.00,,false,,,c:foods;origins:meat
farmersdelight:hamburger,farmersdelight,false,11,17.60,,false,,,c:foods;farmersdelight:snacks
farmersdelight:hanging_canvas_sign,farmersdelight,false,,,,,,,farmersdelight:hanging_canvas_signs;minecraft:hanging_signs
extradelight:hanging_chili,extradelight,false,,,,,,,
extradelight:hanging_corn,extradelight,false,,,,,,,
extradelight:hanging_dried_chili,extradelight,false,,,,,,,
extradelight:hanging_garlic,extradelight,false,,,,,,,
extradelight:hanging_ham,extradelight,false,,,,,,,
extradelight:hanging_mint,extradelight,false,,,,,,,
extradelight:hanging_onion,extradelight,false,,,,,,,
extradelight:hash,extradelight,false,3,4.80,"farmersdelight:comfort,600,0,1.00;farmersdelight:nourishment,600,0,1.00",false,,,create:upright_on_belt;salt:can_be_salted
extradelight:hash_block_item,extradelight,false,,,,,,,
extradelight:hashbrowns,extradelight,false,6,7.20,,false,,,salt:can_be_salted
extradelight:hazelnut_in_shell_sack,extradelight,false,,,,,,,c:storage_blocks;c:storage_blocks_hazelnuts_in_shell
extradelight:hazelnut_leaves,extradelight,false,,,,,,,
extradelight:hazelnut_petal_litter_item,extradelight,false,,,,,,,
extradelight:hazelnut_sack,extradelight,false,,,,,,,c:storage_blocks;c:storage_blocks_hazelnuts
extradelight:hazelnut_sapling,extradelight,false,,,,,,,minecraft:saplings;sereneseasons:autumn_crops;sereneseasons:spring_crops;sereneseasons:summer_crops
extradelight:hazelnut_soup,extradelight,false,7,8.40,"farmersdelight:nourishment,3600,0,1.00;farmersdelight:comfort,3600,0,1.00",false,,,create:upright_on_belt;salt:can_be_salted;toughasnails:heating_consumed_items
extradelight:hazelnut_spread_bottle,extradelight,false,2,0.40,,false,,,create:upright_on_belt;extradelight:toast_topping
extradelight:hazelnut_wreath,extradelight,false,,,,,,,
extradelight:hazelnuts,extradelight,false,2,0.40,,false,,,c:animal_foods;c:crops/hazelnut/shelled;c:nuts;extradelight:chocolate_bar_filling;minecraft:chicken_food;minecraft:parrot_food
extradelight:hazelnuts_in_shell,extradelight,false,,,,,,,c:crops/hazelnut
brewinandchewin:heating_cask,brewinandchewin,false,,,,,,,
herbalbrews:herbal_infusion,herbalbrews,false,,,,,,,
herbalbrews:herbalbrews_banner,herbalbrews,false,,,,,,,
herbalbrews:hibiscus,herbalbrews,false,,,,,,,c:animal_foods;minecraft:bee_food;minecraft:flowers;minecraft:small_flowers
herbalbrews:hibiscus_tea,herbalbrews,true,2,1.60,,true,,,
extradelight:honey_cheesecake,extradelight,false,,,,,,,create:upright_on_belt
extradelight:honey_cheesecake_slice,extradelight,false,3,1.80,"minecraft:speed,600,0,1.00",false,,,
extradelight:honey_chili_chicken,extradelight,false,10,12.00,"farmersdelight:nourishment,6000,0,1.00;farmersdelight:comfort,3600,0,1.00",false,,,create:upright_on_belt
farmersdelight:honey_cookie,farmersdelight,false,2,0.40,,false,,,c:foods;c:foods/cookie;farmersdelight:sweets
extradelight:honey_cookie_block_item,extradelight,false,,,,,,,
extradelight:honey_cookie_dough,extradelight,false,1,0.20,,false,,,c:cookie_dough;c:cookie_dough/honey
extradelight:honey_custard,extradelight,false,7,8.40,,true,,,c:foods/custard
oceansdelight:honey_fried_kelp,oceansdelight,false,4,0.80,,true,,,
farmersdelight:honey_glazed_ham,farmersdelight,false,14,21.00,"farmersdelight:nourishment,6000,0,1.00",false,,,c:foods;create:upright_on_belt;farmersdelight:meals
farmersdelight:honey_glazed_ham_block,farmersdelight,false,,,,,,,c:foods;c:foods/edible_when_placed;create:upright_on_belt;farmersdelight:feasts
extradelight:honey_ice_cream,extradelight,false,6,7.20,,true,,,c:ice_cream;create:upright_on_belt;toughasnails:cooling_consumed_items
extradelight:honey_milkshake,extradelight,true,,,,,,,create:upright_on_belt;toughasnails:drinks;toughasnails:thirst/2_thirst_drinks
extradelight:honey_popsicle,extradelight,false,3,1.20,,true,,,toughasnails:cooling_consumed_items
brewery:hops,brewery,false,,,,,,,brewery:seeds;c:crops/hops;c:seeds;c:seeds/hops;farm_and_charm:seeds
extradelight:horchata,extradelight,true,,,,,,,create:upright_on_belt;toughasnails:drinks;toughasnails:thirst/4_thirst_drinks
brewinandchewin:horror_lasagna,brewinandchewin,false,16,17.60,"farmersdelight:nourishment,6000,0,1.00",false,,,c:foods;origins:meat
farmersdelight:horse_feed,farmersdelight,false,,,,,,,minecraft:horse_tempt_items
farm_and_charm:horse_fodder,farm_and_charm,false,,,,,,,create:upright_on_belt
farmersdelight:hot_cocoa,farmersdelight,true,,,,,,,c:drinks;create:upright_on_belt;farmersdelight:drinks
extradelight:hot_cocoa_fluid_bucket,extradelight,false,,,,,,,
extradelight:hot_sauce_item,extradelight,false,1,1.20,"minecraft:fire_resistance,1200,0,1.00",false,,,c:condiments;c:condiments/hot_sauce;c:condiments/hotsauce;create:upright_on_belt
extradelight:hot_wings,extradelight,false,5,6.00,"minecraft:fire_resistance,3600,0,1.00;farmersdelight:comfort,3600,0,0.00",false,,,
extradelight:hotdish,extradelight,false,10,16.00,"farmersdelight:comfort,6000,0,1.00;farmersdelight:nourishment,6000,0,1.00",false,,,create:upright_on_belt;salt:can_be_salted
extradelight:hotdish_feast,extradelight,false,,,,,,,
brewinandchewin:ice_crate,brewinandchewin,false,,,,,,,
extradelight:ice_cream,extradelight,false,4,4.80,,true,,,c:ice_cream;create:upright_on_belt;toughasnails:cooling_consumed_items
extradelight:ice_cream_sundae,extradelight,false,8,9.60,"farmersdelight:comfort,6000,0,1.00",false,,,toughasnails:cooling_consumed_items
extradelight:ice_cubes,extradelight,false,0,0.00,"minecraft:fire_resistance,600,0,1.00",true,,,c:ice/cubes;extradelight:chilling_items;toughasnails:cooling_consumed_items
farm_and_charm:iron_divider,farm_and_charm,false,,,,,,,
farmersdelight:iron_knife,farmersdelight,false,,,,,,,c:enchantables;c:tools;c:tools/knife;farmersdelight:enchantable/knife;farmersdelight:straw_harvesters;farmersdelight:tools/knives;minecraft:breaks_decorated_pots;minecraft:enchantable/durability;minecraft:enchantable/fire_aspect;minecraft:enchantable/mining;minecraft:enchantable/mining_loot;minecraft:enchantable/sharp_weapon;minecraft:enchantable/sword;minecraft:enchantable/vanishing;minecraft:enchantable/weapon
extradelight:iron_spoon,extradelight,false,,,,,,,c:spoons;c:tools
extradelight:jaffa_cake,extradelight,false,3,3.60,,false,,,
extradelight:jalapeno_popper,extradelight,false,6,7.20,"minecraft:fire_resistance,1200,0,1.00",false,,,salt:can_be_salted;toughasnails:heating_consumed_items
extradelight:jalapeno_stuffed_potato,extradelight,false,13,18.20,"farmersdelight:comfort,3600,0,1.00;minecraft:fire_resistance,3600,0,1.00",false,,,salt:can_be_salted;toughasnails:heating_consumed_items
extradelight:jam_fluid_bucket,extradelight,false,,,,,,,
extradelight:jar,extradelight,false,,,,,,,
extradelight:jelly_black,extradelight,false,1,0.60,"minecraft:jump_boost,600,0,0.50",false,,,create:upright_on_belt;extradelight:jelly
extradelight:jelly_black_block_item,extradelight,false,,,,,,,
extradelight:jelly_blue,extradelight,false,1,0.60,"minecraft:jump_boost,600,0,0.50",false,,,create:upright_on_belt;extradelight:jelly
extradelight:jelly_blue_block_item,extradelight,false,,,,,,,
extradelight:jelly_brown,extradelight,false,1,0.60,"minecraft:jump_boost,600,0,0.50",false,,,create:upright_on_belt;extradelight:jelly
extradelight:jelly_brown_block_item,extradelight,false,,,,,,,
extradelight:jelly_cyan,extradelight,false,1,0.60,"minecraft:jump_boost,600,0,0.50",false,,,create:upright_on_belt;extradelight:jelly
extradelight:jelly_cyan_block_item,extradelight,false,,,,,,,
extradelight:jelly_green,extradelight,false,1,0.60,"minecraft:jump_boost,600,0,0.50",false,,,create:upright_on_belt;extradelight:jelly
extradelight:jelly_green_block_item,extradelight,false,,,,,,,
extradelight:jelly_grey,extradelight,false,1,0.60,"minecraft:jump_boost,600,0,0.50",false,,,create:upright_on_belt;extradelight:jelly
extradelight:jelly_grey_block_item,extradelight,false,,,,,,,
extradelight:jelly_light_blue,extradelight,false,1,0.60,"minecraft:jump_boost,600,0,0.50",false,,,create:upright_on_belt;extradelight:jelly
extradelight:jelly_light_blue_block_item,extradelight,false,,,,,,,
extradelight:jelly_light_grey,extradelight,false,1,0.60,"minecraft:jump_boost,600,0,0.50",false,,,create:upright_on_belt;extradelight:jelly
extradelight:jelly_light_grey_block_item,extradelight,false,,,,,,,
extradelight:jelly_lime,extradelight,false,1,0.60,"minecraft:jump_boost,600,0,0.50",false,,,create:upright_on_belt;extradelight:jelly
extradelight:jelly_lime_block_item,extradelight,false,,,,,,,
extradelight:jelly_magenta,extradelight,false,1,0.60,"minecraft:jump_boost,600,0,0.50",false,,,create:upright_on_belt;extradelight:jelly
extradelight:jelly_magenta_block_item,extradelight,false,,,,,,,
extradelight:jelly_orange,extradelight,false,1,0.60,"minecraft:jump_boost,600,0,0.50",false,,,create:upright_on_belt;extradelight:jelly
extradelight:jelly_orange_block_item,extradelight,false,,,,,,,
extradelight:jelly_pink,extradelight,false,1,0.60,"minecraft:jump_boost,600,0,0.50",false,,,create:upright_on_belt;extradelight:jelly
extradelight:jelly_pink_block_item,extradelight,false,,,,,,,
extradelight:jelly_purple,extradelight,false,1,0.60,"minecraft:jump_boost,600,0,0.50",false,,,create:upright_on_belt;extradelight:jelly
extradelight:jelly_purple_block_item,extradelight,false,,,,,,,
extradelight:jelly_red,extradelight,false,1,0.60,"minecraft:jump_boost,600,0,0.50",false,,,create:upright_on_belt;extradelight:jelly
extradelight:jelly_red_block_item,extradelight,false,,,,,,,
extradelight:jelly_white,extradelight,false,1,0.60,"minecraft:jump_boost,600,0,0.50",false,,,create:upright_on_belt;extradelight:jelly
extradelight:jelly_white_block_item,extradelight,false,,,,,,,
extradelight:jelly_yellow,extradelight,false,1,0.60,"minecraft:jump_boost,600,0,0.50",false,,,create:upright_on_belt;extradelight:jelly
extradelight:jelly_yellow_block_item,extradelight,false,,,,,,,
brewinandchewin:jerky,brewinandchewin,false,3,4.20,,false,,,c:foods;origins:meat
extradelight:jerky,extradelight,false,8,12.80,,false,,,salt:can_be_salted
herbalbrews:jug,herbalbrews,false,,,,,,,
extradelight:juicer,extradelight,false,,,,,,,
farmersdelight:jungle_cabinet,farmersdelight,false,,,,,,,farmersdelight:cabinets;farmersdelight:cabinets/wooden
extradelight:jungle_counter_cabinet,extradelight,false,,,,,,,
extradelight:jungle_dried_corn_fence,extradelight,false,,,,,,,
extradelight:jungle_food_display,extradelight,false,,,,,,,
extradelight:jungle_half_cabinet,extradelight,false,,,,,,,
extradelight:jungle_knife_block,extradelight,false,,,,,,,
extradelight:jungle_molded_black_wallpaper,extradelight,false,,,,,,,
extradelight:jungle_molded_blue_wallpaper,extradelight,false,,,,,,,
extradelight:jungle_molded_brown_wallpaper,extradelight,false,,,,,,,
extradelight:jungle_molded_cyan_wallpaper,extradelight,false,,,,,,,
extradelight:jungle_molded_gray_wallpaper,extradelight,false,,,,,,,
extradelight:jungle_molded_green_wallpaper,extradelight,false,,,,,,,
extradelight:jungle_molded_light_blue_wallpaper,extradelight,false,,,,,,,
extradelight:jungle_molded_light_gray_wallpaper,extradelight,false,,,,,,,
extradelight:jungle_molded_lime_wallpaper,extradelight,false,,,,,,,
extradelight:jungle_molded_magenta_wallpaper,extradelight,false,,,,,,,
extradelight:jungle_molded_orange_wallpaper,extradelight,false,,,,,,,
extradelight:jungle_molded_pink_wallpaper,extradelight,false,,,,,,,
extradelight:jungle_molded_purple_wallpaper,extradelight,false,,,,,,,
extradelight:jungle_molded_red_wallpaper,extradelight,false,,,,,,,
extradelight:jungle_molded_white_wallpaper,extradelight,false,,,,,,,
extradelight:jungle_molded_yellow_wallpaper,extradelight,false,,,,,,,
extradelight:jungle_sink,extradelight,false,,,,,,,
extradelight:jungle_spice_rack,extradelight,false,,,,,,,
extradelight:jungle_spice_rack_full,extradelight,false,,,,,,,
extradelight:jungle_step_stool,extradelight,false,,,,,,,
extradelight:jungle_wreath,extradelight,false,,,,,,,
brewinandchewin:keg,brewinandchewin,false,,,,,,,brewinandchewin:player_workstations/kegs
extradelight:keg_item,extradelight,false,,,,,,,
oceansdelight:kelp_encrusted_cod,oceansdelight,false,3,1.20,,false,,,
farmersdelight:kelp_roll,farmersdelight,false,12,12.00,,false,,,c:foods;farmersdelight:snacks
farmersdelight:kelp_roll_slice,farmersdelight,false,6,6.00,,false,,,c:foods;farmersdelight:snacks
farm_and_charm:kernels,farm_and_charm,false,,,,,,,brewery:seeds;c:seeds;farm_and_charm:feeding_trough_food;farm_and_charm:seeds;minecraft:villager_plantable_seeds
extradelight:ketchup_fluid_bucket,extradelight,false,,,,,,,
extradelight:ketchup_jar_item,extradelight,true,0,0.00,,false,,,c:condiments;c:condiments/ketchup;create:upright_on_belt
extradelight:key_lime_pie_item,extradelight,false,,,,,,,create:upright_on_belt
extradelight:key_lime_pie_slice,extradelight,false,3,2.40,"extradelight:sunshine,6000,1,1.00;farmersdelight:comfort,600,0,0.00",false,,,
brewinandchewin:kimchi,brewinandchewin,false,2,2.40,,false,,,c:foods
extradelight:kimchi_fried_rice,extradelight,false,9,10.80,"extradelight:pickled,6000,2,1.00;farmersdelight:comfort,600,0,1.00",false,,,create:upright_on_belt
extradelight:kimchi_item,extradelight,false,4,4.80,"extradelight:pickled,6000,1,1.00",false,,,c:kimchi;create:upright_on_belt
brewinandchewin:kippers,brewinandchewin,false,6,6.00,,false,,,c:foods;origins:meat
extradelight:kiwiburger,extradelight,false,16,25.60,"minecraft:regeneration,600,0,1.00;farmersdelight:comfort,6000,0,1.00",false,,,
brewinandchewin:kombucha,brewinandchewin,true,0,0.00,"brewinandchewin:tipsy,2400,0,1.00;brewinandchewin:intoxication,1800,0,1.00;minecraft:haste,1200,1,1.00",true,14,22,brewinandchewin:fermented_drinks;origins:ignore_diet
extradelight:kongjang,extradelight,false,5,3.00,"minecraft:resistance,3600,0,1.00",false,,,create:upright_on_belt
extradelight:kyiv_cake_item,extradelight,false,,,,,,,create:upright_on_belt
extradelight:kyiv_cake_slice,extradelight,false,3,3.60,"farmersdelight:comfort,600,0,1.00",false,,,c:foods/cake/slice
farm_and_charm:lamb_ham,farm_and_charm,false,2,1.20,,false,,,brewinandchewin:foods/jerky_meat;c:foods;c:foods/raw_meat;c:raw_mutton;farm_and_charm:raw_mutton;origins:meat
extradelight:lamb_stew,extradelight,false,7,11.20,"farmersdelight:comfort,3600,0,1.00",false,,,create:upright_on_belt;salt:can_be_salted;toughasnails:heating_consumed_items
extradelight:lamb_stew_feast,extradelight,false,,,,,,,
extradelight:lamb_stew_rice,extradelight,false,13,20.80,"farmersdelight:comfort,6000,0,1.00",false,,,create:upright_on_belt;salt:can_be_salted;toughasnails:heating_consumed_items
farm_and_charm:lamb_with_corn,farm_and_charm,false,8,0.80,"farm_and_charm:satiation,3600,0,1.00",true,,,c:cooked_mutton;c:foods;c:foods/cooked_meat;farm_and_charm:cooked_mutton;origins:meat
extradelight:lasagna_noodles,extradelight,false,,,,,,,
extradelight:lasanga,extradelight,false,9,14.40,"farmersdelight:comfort,3600,0,1.00",false,,,create:upright_on_belt;salt:can_be_salted
extradelight:lasanga_feast,extradelight,false,,,,,,,
extradelight:lava_cake,extradelight,false,2,0.40,"minecraft:speed,400,0,1.00",false,,,
herbalbrews:lavender,herbalbrews,false,,,,,,,c:animal_foods;minecraft:bee_food;minecraft:flowers;minecraft:small_flowers
herbalbrews:lavender_blossom,herbalbrews,false,,,,,,,
herbalbrews:lavender_tea,herbalbrews,true,2,1.60,,true,,,
extradelight:lemon,extradelight,false,2,0.80,"extradelight:sour_pucker,600,2,1.00",false,,,c:crops/lemon;c:fruit;extradelight:chocolate_bar_filling;extradelight:marmalade_ingredient;extradelight:processed/citrus;extradelight:processed/fruit;extradelight:processed/lemon;extradelight:processed/produce
extradelight:lemon_crate_item,extradelight,false,,,,,,,c:storage_blocks;c:storage_blocks_lemon
extradelight:lemon_cucumber_cake_item,extradelight,false,,,,,,,create:upright_on_belt
extradelight:lemon_cucumber_cake_slice,extradelight,false,2,0.40,"minecraft:speed,400,0,1.00",false,,,c:foods/cake/slice
extradelight:lemon_curd,extradelight,false,4,4.80,"extradelight:sunshine,6000,0,1.00",false,,,create:upright_on_belt
extradelight:lemon_delicious,extradelight,false,11,13.20,"extradelight:sunshine,6000,1,1.00;extradelight:sour_pucker,600,0,0.00",false,,,create:upright_on_belt
extradelight:lemon_juice,extradelight,true,,,,,,,c:juice;create:upright_on_belt
extradelight:lemon_juice_fluid_bucket,extradelight,false,,,,,,,
extradelight:lemon_leaves,extradelight,false,,,,,,,
extradelight:lemon_meringue_pie_item,extradelight,false,,,,,,,create:upright_on_belt
extradelight:lemon_meringue_pie_slice,extradelight,false,3,3.60,"extradelight:sunshine,6000,1,1.00;farmersdelight:comfort,600,0,0.00",false,,,
extradelight:lemon_petal_litter_item,extradelight,false,,,,,,,
extradelight:lemon_posset,extradelight,false,2,0.80,"extradelight:sunshine,6000,2,1.00;extradelight:sour_pucker,600,0,0.00",false,,,
extradelight:lemon_sapling,extradelight,false,,,,,,,minecraft:saplings;sereneseasons:spring_crops;sereneseasons:winter_crops
extradelight:lemon_wreath,extradelight,false,,,,,,,
extradelight:lemon_zest,extradelight,false,,,,,,,
extradelight:lemonade,extradelight,true,,,,,,,create:upright_on_belt;toughasnails:cooling_consumed_items;toughasnails:drinks;toughasnails:thirst/8_thirst_drinks
extradelight:lemonade_tray_item,extradelight,false,,,,,,,
farm_and_charm:lettuce,farm_and_charm,false,3,3.60,,false,,,c:crops;c:crops/cabbage;c:foods;c:foods/vegetable;c:miso_soup_ingredients;c:vegetables;extradelight:processed/cabbage;extradelight:processed/produce;extradelight:processed/vegetable;farm_and_charm:cabbage;farm_and_charm:crops;farm_and_charm:vegetables
farm_and_charm:lettuce_bag,farm_and_charm,false,,,,,,,
farm_and_charm:lettuce_seeds,farm_and_charm,false,,,,,,,brewery:seeds;c:seeds;farm_and_charm:feeding_trough_food;farm_and_charm:seeds;minecraft:villager_plantable_seeds
extradelight:lid,extradelight,false,,,,,,,
farmersdelight:light_blue_canvas_sign,farmersdelight,false,,,,,,,farmersdelight:canvas_signs;minecraft:signs
extradelight:light_blue_chocolate_box,extradelight,false,,,,,,,c:dyed;c:dyed/light_blue
farmersdelight:light_blue_hanging_canvas_sign,farmersdelight,false,,,,,,,farmersdelight:hanging_canvas_signs;minecraft:hanging_signs
extradelight:light_blue_picnic_basket,extradelight,false,,,,,,,
farmersdelight:light_gray_canvas_sign,farmersdelight,false,,,,,,,farmersdelight:canvas_signs;minecraft:signs
extradelight:light_gray_chocolate_box,extradelight,false,,,,,,,c:dyed;c:dyed/light_gray
farmersdelight:light_gray_hanging_canvas_sign,farmersdelight,false,,,,,,,farmersdelight:hanging_canvas_signs;minecraft:hanging_signs
extradelight:light_gray_picnic_basket,extradelight,false,,,,,,,
extradelight:lime,extradelight,false,1,0.40,"extradelight:sour_pucker,600,3,1.00",false,,,c:crops/lime;c:fruit;extradelight:chocolate_bar_filling;extradelight:marmalade_ingredient;extradelight:processed/citrus;extradelight:processed/fruit;extradelight:processed/lime;extradelight:processed/produce
farmersdelight:lime_canvas_sign,farmersdelight,false,,,,,,,farmersdelight:canvas_signs;minecraft:signs
extradelight:lime_chocolate_box,extradelight,false,,,,,,,c:dyed;c:dyed/lime
extradelight:lime_crate_item,extradelight,false,,,,,,,c:storage_blocks;c:storage_blocks_lime
farmersdelight:lime_hanging_canvas_sign,farmersdelight,false,,,,,,,farmersdelight:hanging_canvas_signs;minecraft:hanging_signs
extradelight:lime_juice,extradelight,true,,,,,,,c:juice;create:upright_on_belt
extradelight:lime_juice_fluid_bucket,extradelight,false,,,,,,,
extradelight:lime_leaves,extradelight,false,,,,,,,
extradelight:lime_petal_litter_item,extradelight,false,,,,,,,
extradelight:lime_picnic_basket,extradelight,false,,,,,,,
extradelight:lime_sapling,extradelight,false,,,,,,,minecraft:saplings;sereneseasons:autumn_crops;sereneseasons:spring_crops;sereneseasons:summer_crops
extradelight:lime_souffle,extradelight,false,9,10.80,"extradelight:sunshine,6000,2,1.00;farmersdelight:comfort,3600,0,0.00",false,,,create:upright_on_belt
extradelight:lime_wreath,extradelight,false,,,,,,,
extradelight:lime_zest,extradelight,false,,,,,,,
extradelight:limeade,extradelight,true,,,,,,,create:upright_on_belt;toughasnails:drinks;toughasnails:thirst/6_thirst_drinks
extradelight:limeade_tray_item,extradelight,false,,,,,,,
extradelight:liver_onions,extradelight,false,8,12.80,"farmersdelight:nourishment,3600,0,1.00",false,,,create:upright_on_belt;salt:can_be_salted
extradelight:loaf_pan,extradelight,false,,,,,,,extradelight:baking_trays
extradelight:lugaw,extradelight,false,13,18.20,"farmersdelight:comfort,6000,0,1.00;farmersdelight:nourishment,3600,0,1.00",false,,,create:upright_on_belt;salt:can_be_salted;toughasnails:heating_consumed_items
extradelight:macaroni,extradelight,false,,,,,,,
extradelight:macaroni_cheese,extradelight,false,4,4.80,"farmersdelight:comfort,3600,0,1.00",false,,,create:upright_on_belt;salt:can_be_salted
extradelight:macaroni_cheese_feast,extradelight,false,,,,,,,
farmersdelight:magenta_canvas_sign,farmersdelight,false,,,,,,,farmersdelight:canvas_signs;minecraft:signs
extradelight:magenta_chocolate_box,extradelight,false,,,,,,,c:dyed;c:dyed/magenta
farmersdelight:magenta_hanging_canvas_sign,farmersdelight,false,,,,,,,farmersdelight:hanging_canvas_signs;minecraft:hanging_signs
extradelight:magenta_picnic_basket,extradelight,false,,,,,,,
extradelight:mallow_cup,extradelight,false,0,0.00,"minecraft:absorption,1200,0,1.00;farmersdelight:comfort,600,0,1.00",false,,,
extradelight:mallow_powder,extradelight,false,,,,,,,c:mallowroot/powder
extradelight:mallow_powder_sack,extradelight,false,,,,,,,c:storage_blocks;c:storage_blocks_mallow_powder
extradelight:mallow_root,extradelight,false,,,,,,,c:animal_foods;c:crops;c:crops/mallow_root;c:tea_ingredients;farm_and_charm:crops;farm_and_charm:feeding_trough_food;minecraft:pig_food;minecraft:villager_plantable_seeds;sereneseasons:autumn_crops;sereneseasons:summer_crops
extradelight:mallow_root_crate,extradelight,false,,,,,,,c:storage_blocks;c:storage_blocks_mallow_root
farmersdelight:mangrove_cabinet,farmersdelight,false,,,,,,,farmersdelight:cabinets;farmersdelight:cabinets/wooden
extradelight:mangrove_counter_cabinet,extradelight,false,,,,,,,
extradelight:mangrove_dried_corn_fence,extradelight,false,,,,,,,
extradelight:mangrove_food_display,extradelight,false,,,,,,,
extradelight:mangrove_half_cabinet,extradelight,false,,,,,,,
extradelight:mangrove_knife_block,extradelight,false,,,,,,,
extradelight:mangrove_molded_black_wallpaper,extradelight,false,,,,,,,
extradelight:mangrove_molded_blue_wallpaper,extradelight,false,,,,,,,
extradelight:mangrove_molded_brown_wallpaper,extradelight,false,,,,,,,
extradelight:mangrove_molded_cyan_wallpaper,extradelight,false,,,,,,,
extradelight:mangrove_molded_gray_wallpaper,extradelight,false,,,,,,,
extradelight:mangrove_molded_green_wallpaper,extradelight,false,,,,,,,
extradelight:mangrove_molded_light_blue_wallpaper,extradelight,false,,,,,,,
extradelight:mangrove_molded_light_gray_wallpaper,extradelight,false,,,,,,,
extradelight:mangrove_molded_lime_wallpaper,extradelight,false,,,,,,,
extradelight:mangrove_molded_magenta_wallpaper,extradelight,false,,,,,,,
extradelight:mangrove_molded_orange_wallpaper,extradelight,false,,,,,,,
extradelight:mangrove_molded_pink_wallpaper,extradelight,false,,,,,,,
extradelight:mangrove_molded_purple_wallpaper,extradelight,false,,,,,,,
extradelight:mangrove_molded_red_wallpaper,extradelight,false,,,,,,,
extradelight:mangrove_molded_white_wallpaper,extradelight,false,,,,,,,
extradelight:mangrove_molded_yellow_wallpaper,extradelight,false,,,,,,,
extradelight:mangrove_sink,extradelight,false,,,,,,,
extradelight:mangrove_spice_rack,extradelight,false,,,,,,,
extradelight:mangrove_spice_rack_full,extradelight,false,,,,,,,
extradelight:mangrove_step_stool,extradelight,false,,,,,,,
extradelight:mangrove_wreath,extradelight,false,,,,,,,
extradelight:marshmallow,extradelight,false,1,0.80,,false,,,c:marshmallow
extradelight:marshmallow_block,extradelight,false,,,,,,,c:storage_blocks;c:storage_blocks_marshmallow
extradelight:marshmallow_fluff_bottle,extradelight,false,2,1.60,,false,,,c:marshmallow_fluff;create:upright_on_belt;extradelight:toast_topping
extradelight:marshmallow_fluff_fluid_bucket,extradelight,false,,,,,,,
extradelight:marshmallow_slice,extradelight,false,1,0.80,"farmersdelight:comfort,600,0,1.00",false,,,
extradelight:marshmallow_slice_feast,extradelight,false,,,,,,,
extradelight:mashed_potato_gravy,extradelight,false,5,7.00,"farmersdelight:comfort,3600,0,1.00;minecraft:regeneration,600,0,1.00",false,,,create:upright_on_belt;salt:can_be_salted
extradelight:mashed_potato_gravy_block_item,extradelight,false,,,,,,,
brewery:mashed_potatoes,brewery,false,3,3.00,"brewery:stoutheart,4000,0,1.00",true,,,
extradelight:mashed_soybeans_item,extradelight,false,5,1.00,,false,,,c:soybeans/mashed;create:upright_on_belt
extradelight:mayo_fluid_bucket,extradelight,false,,,,,,,
extradelight:mayo_jar_item,extradelight,true,2,1.60,,false,,,c:condiments;c:condiments/mayonaise;c:condiments/mayonnaise;create:upright_on_belt
brewinandchewin:mead,brewinandchewin,true,0,0.00,"brewinandchewin:tipsy,2400,0,1.00;brewinandchewin:intoxication,1800,0,1.00;brewinandchewin:sweet_heart,2400,0,1.00",true,10,14,brewinandchewin:fermented_drinks;origins:ignore_diet
extradelight:meat_pie_block_item,extradelight,false,,,,,,,create:upright_on_belt
extradelight:meat_pie_slice,extradelight,false,4,6.40,"farmersdelight:comfort,3600,0,1.00",false,,,salt:can_be_salted
extradelight:meatloaf,extradelight,false,5,8.00,"farmersdelight:comfort,6000,0,1.00;farmersdelight:nourishment,6000,0,1.00",false,,,create:upright_on_belt;salt:can_be_salted
extradelight:meatloaf_feast,extradelight,false,,,,,,,
extradelight:meatloaf_sandwich,extradelight,false,10,16.00,"farmersdelight:comfort,6000,0,1.00;farmersdelight:nourishment,6000,0,1.00",false,,,salt:can_be_salted
extradelight:melon_chunks,extradelight,false,,,,,,,extradelight:chocolate_bar_filling;extradelight:processed/fruit;extradelight:processed/melon;extradelight:processed/produce
extradelight:melon_fruit_salad_item,extradelight,false,,,,,,,
extradelight:melon_fruit_salad_serving,extradelight,false,8,9.60,"minecraft:regeneration,600,0,1.00",false,,,create:upright_on_belt
extradelight:melon_gazpacho,extradelight,false,3,3.60,"farmersdelight:nourishment,3600,0,1.00",false,,,create:upright_on_belt
farmersdelight:melon_juice,farmersdelight,true,,,,,8,13,c:drinks;c:juice;create:upright_on_belt;farmersdelight:drinks
extradelight:melon_juice_fluid_bucket,extradelight,false,,,,,,,
extradelight:melon_layer_cake_item,extradelight,false,,,,,,,create:upright_on_belt
extradelight:melon_layer_cake_slice,extradelight,false,2,0.40,"minecraft:speed,400,0,1.00",false,,,c:foods/cake/slice
extradelight:melon_lime_glazed_chicken,extradelight,false,11,6.60,"extradelight:sunshine,6000,2,1.00;farmersdelight:nourishment,3600,0,0.00",false,,,create:upright_on_belt
farmersdelight:melon_popsicle,farmersdelight,false,3,1.20,,true,7,9,c:foods;farmersdelight:sweets
extradelight:melon_rind,extradelight,false,1,0.40,,false,,,
extradelight:melon_rind_stirfry,extradelight,false,14,16.80,"farmersdelight:comfort,3600,0,1.00;farmersdelight:nourishment,3600,0,0.00",false,,,create:upright_on_belt
extradelight:melting_pot,extradelight,false,,,,,,,
extradelight:meringue,extradelight,false,0,0.00,,false,,,
farmersdelight:milk_bottle,farmersdelight,true,,,,,,,c:drinks;c:drinks/milk;create:upright_on_belt;farmersdelight:drinks
extradelight:milk_chocolate_bar,extradelight,false,4,0.80,"minecraft:absorption,1200,0,1.00;farmersdelight:comfort,600,0,1.00",false,,,c:chocolate/bar;c:chocolate/milk/bar;extradelight:chocolate_box_valid;salt:can_be_salted
extradelight:milk_chocolate_block,extradelight,false,,,,,,,c:block/chocolate;c:block/milk_chocolate;c:storage_blocks;c:storage_blocks_milk_chocolate_bar
extradelight:milk_chocolate_chips,extradelight,false,0,0.00,"minecraft:absorption,1200,0,1.00;farmersdelight:comfort,600,0,1.00",false,,,c:chocolate/chips;c:chocolate/milk/chips;extradelight:chocolate_bar_filling
extradelight:milk_chocolate_dipped_apple_slice,extradelight,false,4,2.40,"farmersdelight:comfort,600,0,1.00",true,,,
extradelight:milk_chocolate_dipped_bacon,extradelight,false,2,1.20,"farmersdelight:comfort,600,0,1.00",true,,,
extradelight:milk_chocolate_dipped_coffee_bean,extradelight,false,2,0.40,"farmersdelight:comfort,600,0,1.00;minecraft:speed,600,0,1.00",true,,,
extradelight:milk_chocolate_dipped_glow_berry,extradelight,false,2,0.40,"farmersdelight:comfort,600,0,1.00;minecraft:glowing,1200,0,1.00",true,,,
extradelight:milk_chocolate_dipped_graham_cracker,extradelight,false,2,1.60,"farmersdelight:comfort,600,0,1.00",true,,,
extradelight:milk_chocolate_dipped_marshmallow,extradelight,false,1,0.80,"farmersdelight:comfort,600,0,1.00",true,,,
extradelight:milk_chocolate_dipped_sweet_berry,extradelight,false,2,0.40,"farmersdelight:comfort,600,0,1.00",true,,,
extradelight:milk_chocolate_door,extradelight,false,,,,,,,minecraft:doors
extradelight:milk_chocolate_fence,extradelight,false,,,,,,,minecraft:fences
extradelight:milk_chocolate_fence_gate,extradelight,false,,,,,,,minecraft:fence_gates
extradelight:milk_chocolate_filled_bar,extradelight,false,6,1.20,"minecraft:absorption,1200,0,1.00;farmersdelight:comfort,3600,0,1.00",false,,,c:chocolate/bar/filled;c:chocolate/milk/bar/filled;extradelight:chocolate_box_valid;salt:can_be_salted
extradelight:milk_chocolate_fondue_block,extradelight,false,,,,,,,
extradelight:milk_chocolate_pillar,extradelight,false,,,,,,,
extradelight:milk_chocolate_slab,extradelight,false,,,,,,,minecraft:slabs
extradelight:milk_chocolate_stairs,extradelight,false,,,,,,,minecraft:stairs
extradelight:milk_chocolate_syrup_bottle,extradelight,false,4,0.80,"minecraft:absorption,1200,0,1.00;farmersdelight:comfort,600,0,1.00",false,,,c:liquid_chocolate;create:upright_on_belt
extradelight:milk_chocolate_syrup_fluid_bucket,extradelight,false,,,,,,,
extradelight:milk_chocolate_trapdoor,extradelight,false,,,,,,,minecraft:trapdoors
extradelight:milk_chocolate_truffle,extradelight,false,0,0.00,"minecraft:absorption,1200,0,1.00;farmersdelight:comfort,600,0,1.00",false,,,c:chocolate/milk/truffle;c:chocolate/truffle;extradelight:chocolate_box_valid;salt:can_be_salted
herbalbrews:milk_coffee,herbalbrews,true,2,1.60,,true,,,
extradelight:milk_tart_feast,extradelight,false,,,,,,,create:upright_on_belt
extradelight:milk_tart_slice,extradelight,false,2,2.40,"farmersdelight:comfort,3600,0,1.00",false,,,
extradelight:milkshake,extradelight,true,,,,,,,create:upright_on_belt;toughasnails:drinks;toughasnails:thirst/2_thirst_drinks
extradelight:milkshake_fluid_bucket,extradelight,false,,,,,,,
farm_and_charm:minced_beef,farm_and_charm,false,3,1.80,,false,,,brewinandchewin:foods/jerky_meat;c:foods;c:foods/raw_meat;c:raw_beef;farm_and_charm:raw_beef;origins:meat
farmersdelight:minced_beef,farmersdelight,false,2,1.20,,false,,,brewinandchewin:foods/horror_meat;brewinandchewin:foods/jerky_meat;c:animal_foods;c:beef/ground/raw;c:foods;c:foods/raw_beef;c:foods/raw_meat;c:ground_meat/raw;minecraft:meat;minecraft:wolf_food
farm_and_charm:mincer,farm_and_charm,false,,,,,,,
extradelight:mint,extradelight,false,,,,,,,c:crops;c:mint;c:tea_ingredients;extradelight:chocolate_bar_filling;extradelight:jelly_ingredient;farm_and_charm:crops;sereneseasons:autumn_crops;sereneseasons:spring_crops;sereneseasons:summer_crops
extradelight:mint_candy_blue,extradelight,false,0,0.00,,true,,,c:candy;c:candy/peppermint;extradelight:candy_bowl_valid;extradelight:chocolate_bar_filling;extradelight:chocolate_box_valid
extradelight:mint_candy_green,extradelight,false,0,0.00,,true,,,c:candy;c:candy/peppermint;extradelight:candy_bowl_valid;extradelight:chocolate_bar_filling;extradelight:chocolate_box_valid
extradelight:mint_candy_red,extradelight,false,0,0.00,,true,,,c:candy;c:candy/peppermint;extradelight:candy_bowl_valid;extradelight:chocolate_bar_filling;extradelight:chocolate_box_valid
extradelight:mint_chip_ice_cream,extradelight,false,6,7.20,,true,,,c:ice_cream;create:upright_on_belt;toughasnails:cooling_consumed_items
extradelight:mint_chip_milkshake,extradelight,true,,,,,,,create:upright_on_belt;toughasnails:drinks;toughasnails:thirst/2_thirst_drinks
extradelight:mint_lamb,extradelight,false,15,24.00,"farmersdelight:comfort,600,0,1.00;farmersdelight:nourishment,3600,0,1.00",false,,,create:upright_on_belt;salt:can_be_salted
extradelight:mint_lamb_feast,extradelight,false,,,,,,,
extradelight:mint_sack,extradelight,false,,,,,,,c:storage_blocks;c:storage_blocks_mint
extradelight:miso_paste_item,extradelight,false,5,4.00,,false,,,c:miso_paste;create:upright_on_belt
extradelight:miso_soup,extradelight,false,8,11.20,"farmersdelight:comfort,3600,0,1.00",false,,,create:upright_on_belt
extradelight:mississippi_mud_pie,extradelight,false,,,,,,,create:upright_on_belt
extradelight:mississippi_mud_pie_slice,extradelight,false,4,4.80,"farmersdelight:comfort,600,0,1.00",false,,,
endersdelight:mite_crust,endersdelight,false,1,0.20,"minecraft:nausea,200,0,1.00",false,,,c:foods;c:foods/food_poisoning
farmersdelight:mixed_salad,farmersdelight,false,6,7.20,"minecraft:regeneration,100,0,1.00",false,4,5,c:foods;create:upright_on_belt;farmersdelight:meals
herbalbrews:mixed_tea_leaf_block,herbalbrews,false,,,,,,,
extradelight:mixing_bowl,extradelight,false,,,,,,,
extradelight:monkey_bread,extradelight,false,3,3.60,"farmersdelight:comfort,600,0,1.00",false,,,create:upright_on_belt
extradelight:monkey_bread_feast,extradelight,false,,,,,,,
extradelight:morkovcha,extradelight,false,3,3.60,"farmersdelight:nourishment,3600,0,1.00;extradelight:pickled,6000,0,1.00",false,,,create:upright_on_belt
extradelight:mortar_stone,extradelight,false,,,,,,,c:mortars
extradelight:muffin_apple,extradelight,false,1,1.20,,false,,,
extradelight:muffin_cinnamon,extradelight,false,1,1.20,,false,,,
extradelight:muffin_ginger,extradelight,false,1,1.20,,false,,,
extradelight:muffin_sweet_berry,extradelight,false,1,1.20,,false,,,
extradelight:muffin_tin,extradelight,false,,,,,,,extradelight:baking_trays
extradelight:mulligatawny_soup,extradelight,false,11,15.40,"farmersdelight:comfort,3600,0,1.00",false,,,create:upright_on_belt;salt:can_be_salted;toughasnails:heating_consumed_items
extradelight:mushroom_burger,extradelight,false,15,24.00,,false,,,salt:can_be_salted
farmersdelight:mushroom_rice,farmersdelight,false,12,19.20,"farmersdelight:nourishment,3600,0,1.00",false,,,c:foods;create:upright_on_belt;farmersdelight:meals
extradelight:mushroom_risotto,extradelight,false,12,16.80,"farmersdelight:comfort,3600,0,1.00",false,,,create:upright_on_belt;salt:can_be_salted
farmersdelight:mutton_chops,farmersdelight,false,1,0.60,,false,,,brewinandchewin:foods/jerky_meat;c:animal_foods;c:foods;c:foods/raw_meat;c:foods/raw_mutton;minecraft:meat;minecraft:wolf_food
farmersdelight:mutton_wrap,farmersdelight,false,10,16.00,,false,,,c:foods;farmersdelight:snacks
extradelight:naem_moo_item,extradelight,false,7,11.20,"extradelight:pickled,6000,3,1.00",false,,,
extradelight:natto_and_rice,extradelight,false,11,8.80,"minecraft:nausea,1200,0,0.01;farmersdelight:comfort,600,0,1.00",false,,,create:upright_on_belt
extradelight:natto_item,extradelight,false,5,1.00,"minecraft:nausea,1200,0,0.01",false,,,c:foods/natto;create:upright_on_belt
farmersdelight:nether_salad,farmersdelight,false,5,4.00,"minecraft:nausea,240,0,0.30",false,,,c:foods;c:foods/food_poisoning;create:upright_on_belt
brewery:netherite_brewingstation,brewery,false,,,,,,,
farmersdelight:netherite_knife,farmersdelight,false,,,,,,,c:enchantables;c:tools;c:tools/knife;farmersdelight:enchantable/knife;farmersdelight:straw_harvesters;farmersdelight:tools/knives;minecraft:breaks_decorated_pots;minecraft:enchantable/durability;minecraft:enchantable/fire_aspect;minecraft:enchantable/mining;minecraft:enchantable/mining_loot;minecraft:enchantable/sharp_weapon;minecraft:enchantable/sword;minecraft:enchantable/vanishing;minecraft:enchantable/weapon
extradelight:netherite_spoon,extradelight,false,,,,,,,c:spoons;c:tools
farm_and_charm:nettle_tea,farm_and_charm,true,1,2.00,"minecraft:instant_health,0,0,1.00",true,,,create:upright_on_belt
farm_and_charm:nettle_tea_cup,farm_and_charm,true,1,0.10,"minecraft:instant_health,0,0,1.00",true,,,create:upright_on_belt
farmersdelight:noodle_soup,farmersdelight,false,14,21.00,"farmersdelight:nourishment,6000,0,1.00",false,4,5,c:foods;c:foods/soup;create:upright_on_belt;farmersdelight:meals
extradelight:nougat,extradelight,false,2,2.40,,false,,,c:nougat;extradelight:chocolate_truffle_filling
extradelight:nut_butter_cookie,extradelight,false,2,0.40,,false,,,c:foods;c:foods/cookie
extradelight:nut_butter_cookie_block,extradelight,false,,,,,,,
extradelight:nut_butter_cookie_dough,extradelight,false,1,0.20,,false,,,c:cookie_dough;c:cookie_dough/nut_butter
extradelight:nut_butter_custard,extradelight,false,7,8.40,,true,,,
extradelight:nut_butter_ice_cream,extradelight,false,6,7.20,,true,,,create:upright_on_belt
extradelight:nut_butter_milkshake,extradelight,true,,,,,,,create:upright_on_belt;toughasnails:drinks;toughasnails:thirst/2_thirst_drinks
farmersdelight:oak_cabinet,farmersdelight,false,,,,,,,farmersdelight:cabinets;farmersdelight:cabinets/wooden
extradelight:oak_counter_cabinet,extradelight,false,,,,,,,
extradelight:oak_dried_corn_fence,extradelight,false,,,,,,,
extradelight:oak_food_display,extradelight,false,,,,,,,
extradelight:oak_half_cabinet,extradelight,false,,,,,,,
extradelight:oak_knife_block,extradelight,false,,,,,,,
extradelight:oak_molded_black_wallpaper,extradelight,false,,,,,,,c:dyed;c:dyed/black
extradelight:oak_molded_blue_wallpaper,extradelight,false,,,,,,,c:dyed;c:dyed/blue
extradelight:oak_molded_brown_wallpaper,extradelight,false,,,,,,,c:dyed;c:dyed/brown
extradelight:oak_molded_cyan_wallpaper,extradelight,false,,,,,,,c:dyed;c:dyed/cyan
extradelight:oak_molded_gray_wallpaper,extradelight,false,,,,,,,c:dyed;c:dyed/gray
extradelight:oak_molded_green_wallpaper,extradelight,false,,,,,,,c:dyed;c:dyed/green
extradelight:oak_molded_light_blue_wallpaper,extradelight,false,,,,,,,c:dyed;c:dyed/light_blue
extradelight:oak_molded_light_gray_wallpaper,extradelight,false,,,,,,,c:dyed;c:dyed/light_gray
extradelight:oak_molded_lime_wallpaper,extradelight,false,,,,,,,c:dyed;c:dyed/lime
extradelight:oak_molded_magenta_wallpaper,extradelight,false,,,,,,,c:dyed;c:dyed/magenta
extradelight:oak_molded_orange_wallpaper,extradelight,false,,,,,,,c:dyed;c:dyed/orange
extradelight:oak_molded_pink_wallpaper,extradelight,false,,,,,,,c:dyed;c:dyed/pink
extradelight:oak_molded_purple_wallpaper,extradelight,false,,,,,,,c:dyed;c:dyed/purple
extradelight:oak_molded_red_wallpaper,extradelight,false,,,,,,,c:dyed;c:dyed/red
extradelight:oak_molded_white_wallpaper,extradelight,false,,,,,,,c:dyed;c:dyed/white
extradelight:oak_molded_yellow_wallpaper,extradelight,false,,,,,,,c:dyed;c:dyed/yellow
extradelight:oak_sink,extradelight,false,,,,,,,
extradelight:oak_spice_rack,extradelight,false,,,,,,,
extradelight:oak_spice_rack_full,extradelight,false,,,,,,,
extradelight:oak_step_stool,extradelight,false,,,,,,,
extradelight:oak_wreath,extradelight,false,,,,,,,
farm_and_charm:oat,farm_and_charm,false,,,,,,,c:crops;c:crops/oat;c:grain;c:grains;c:grains/oats;farm_and_charm:crops;farm_and_charm:grain;farm_and_charm:oat
farm_and_charm:oat_ball,farm_and_charm,false,,,,,,,
farm_and_charm:oat_pancake,farm_and_charm,false,5,0.60,"farm_and_charm:satiation,2400,0,1.00",false,,,create:upright_on_belt
farm_and_charm:oat_seeds,farm_and_charm,false,,,,,,,brewery:seeds;c:seeds;farm_and_charm:feeding_trough_food;farm_and_charm:seeds;minecraft:villager_plantable_seeds
farm_and_charm:oatmeal_with_strawberries,farm_and_charm,false,4,0.80,"farm_and_charm:farmers_blessing,900,0,1.00",true,,,create:upright_on_belt
extradelight:offset_spatula_diamond,extradelight,false,,,,,,,c:offset_spatula
extradelight:offset_spatula_gold,extradelight,false,,,,,,,c:offset_spatula
extradelight:offset_spatula_iron,extradelight,false,,,,,,,c:offset_spatula
extradelight:offset_spatula_netherite,extradelight,false,,,,,,,c:offset_spatula
extradelight:offset_spatula_wood,extradelight,false,,,,,,,c:offset_spatula
extradelight:oil_fluid_bucket,extradelight,false,,,,,,,
extradelight:omelette,extradelight,false,12,19.20,,false,,,salt:can_be_salted
extradelight:omelette_mix,extradelight,false,,,,,,,create:upright_on_belt
farm_and_charm:onion,farm_and_charm,false,2,0.40,,false,,,brewery:seeds;c:crops;c:crops/onion;c:foods;c:foods/vegetable;c:miso_soup_ingredients;c:seeds;c:vegetables;extradelight:processed/onion;extradelight:processed/produce;extradelight:processed/vegetable;farm_and_charm:crops;farm_and_charm:feeding_trough_food;farm_and_charm:onion;farm_and_charm:seeds;farm_and_charm:vegetables;minecraft:villager_plantable_seeds
farmersdelight:onion,farmersdelight,false,2,1.60,,false,,,brewinandchewin:foods/pizza_topping;c:crops;c:crops/onion;c:foods;c:foods/onion;c:foods/vegetable;c:miso_soup_ingredients;extradelight:processed/onion;extradelight:processed/produce;extradelight:processed/vegetable;farm_and_charm:crops;farm_and_charm:feeding_trough_food;farm_and_charm:onion;minecraft:villager_plantable_seeds;sereneseasons:autumn_crops;sereneseasons:spring_crops;tconstruct:seeds
farm_and_charm:onion_bag,farm_and_charm,false,,,,,,,
extradelight:onion_bhaji,extradelight,false,3,2.40,,false,,,salt:can_be_salted
farmersdelight:onion_crate,farmersdelight,false,,,,,,,c:storage_blocks;c:storage_blocks/onion
extradelight:onion_soup,extradelight,false,7,9.80,"farmersdelight:nourishment,3600,0,1.00;farmersdelight:comfort,3600,0,1.00",false,,,create:upright_on_belt;salt:can_be_salted;toughasnails:heating_consumed_items
farm_and_charm:onion_soup,farm_and_charm,false,7,0.60,"farm_and_charm:rested,2400,0,1.00",true,,,c:foods;c:foods/soup;create:upright_on_belt
farmersdelight:onion_soup,farmersdelight,false,12,19.20,"farmersdelight:nourishment,3600,0,1.00",false,,,c:foods;create:upright_on_belt;farmersdelight:meals
herbalbrews:oolong_tea,herbalbrews,true,2,1.60,,true,,,
herbalbrews:oolong_tea_leaf_block,herbalbrews,false,,,,,,,
extradelight:orange,extradelight,false,2,1.20,"extradelight:sour_pucker,600,1,0.50",false,,,c:crops/orange;c:fruit;extradelight:chocolate_bar_filling;extradelight:marmalade_ingredient;extradelight:processed/citrus;extradelight:processed/fruit;extradelight:processed/orange;extradelight:processed/produce
farmersdelight:orange_canvas_sign,farmersdelight,false,,,,,,,farmersdelight:canvas_signs;minecraft:signs
extradelight:orange_chicken,extradelight,false,12,14.40,"extradelight:sunshine,6000,1,1.00;farmersdelight:nourishment,3600,0,0.00",false,,,create:upright_on_belt
extradelight:orange_chocolate_box,extradelight,false,,,,,,,c:dyed;c:dyed/orange
extradelight:orange_crate_item,extradelight,false,,,,,,,c:storage_blocks;c:storage_blocks_orange
farmersdelight:orange_hanging_canvas_sign,farmersdelight,false,,,,,,,farmersdelight:hanging_canvas_signs;minecraft:hanging_signs
extradelight:orange_juice,extradelight,true,,,,,,,c:juice;create:upright_on_belt
extradelight:orange_juice_fluid_bucket,extradelight,false,,,,,,,
extradelight:orange_leaves,extradelight,false,,,,,,,
extradelight:orange_petal_litter_item,extradelight,false,,,,,,,
extradelight:orange_picnic_basket,extradelight,false,,,,,,,
extradelight:orange_sapling,extradelight,false,,,,,,,minecraft:saplings;sereneseasons:autumn_crops;sereneseasons:summer_crops;sereneseasons:winter_crops
extradelight:orange_wreath,extradelight,false,,,,,,,
extradelight:orange_zest,extradelight,false,,,,,,,
extradelight:orangeade,extradelight,true,,,,,,,create:upright_on_belt;toughasnails:drinks;toughasnails:thirst/6_thirst_drinks
extradelight:orangeade_tray_item,extradelight,false,,,,,,,
farmersdelight:organic_compost,farmersdelight,false,,,,,,,
extradelight:oven,extradelight,false,,,,,,,
extradelight:oxtail_soup,extradelight,false,12,19.20,"farmersdelight:comfort,6000,0,1.00;farmersdelight:nourishment,6000,0,1.00",false,,,c:foods;c:foods/soup;create:upright_on_belt;salt:can_be_salted;toughasnails:heating_consumed_items
farm_and_charm:packed_dirt,farm_and_charm,false,,,,,,,
brewinandchewin:pale_jane,brewinandchewin,true,0,0.00,"brewinandchewin:tipsy,3600,0,1.00;brewinandchewin:intoxication,3000,0,1.00;farmersdelight:nourishment,2400,0,1.00",true,12,22,brewinandchewin:fermented_drinks;origins:ignore_diet
extradelight:pamonha,extradelight,false,3,3.60,"farmersdelight:nourishment,600,0,1.00",false,,,salt:can_be_salted
extradelight:panforte,extradelight,false,,,,,,,create:upright_on_belt
extradelight:panforte_slice,extradelight,false,5,3.00,"farmersdelight:comfort,600,0,1.00",false,,,
extradelight:pasta_alfredo,extradelight,false,14,16.80,"farmersdelight:comfort,3600,0,1.00",false,,,create:upright_on_belt;salt:can_be_salted
extradelight:pasta_tomato,extradelight,false,10,8.00,"farmersdelight:comfort,600,0,1.00",false,,,create:upright_on_belt;salt:can_be_salted
farmersdelight:pasta_with_meatballs,farmersdelight,false,12,19.20,"farmersdelight:nourishment,3600,0,1.00",false,,,c:foods;create:upright_on_belt;farmersdelight:meals
farmersdelight:pasta_with_mutton_chop,farmersdelight,false,12,19.20,"farmersdelight:nourishment,3600,0,1.00",false,,,c:foods;create:upright_on_belt;farmersdelight:meals
farm_and_charm:pasta_with_onion_sauce,farm_and_charm,false,6,0.70,"farm_and_charm:satiation,3600,0,1.00",true,,,create:upright_on_belt
brewery:patterned_carpet,brewery,false,,,,,,,minecraft:dampens_vibrations;minecraft:wool_carpets
brewery:patterned_carpet_block,brewery,false,,,,,,,
brewery:patterned_wool,brewery,false,,,,,,,minecraft:dampens_vibrations;minecraft:wool
extradelight:pavlova_item,extradelight,false,,,,,,,
extradelight:pavlova_slice,extradelight,false,3,2.40,"farmersdelight:comfort,600,0,1.00",false,,,
extradelight:peanut_brittle,extradelight,false,1,1.20,,false,,,c:peanut_brittle;extradelight:chocolate_bar_filling
extradelight:peanut_butter_bottle,extradelight,false,3,0.60,,false,,,c:nut_butter;c:nutbutters;create:upright_on_belt;extradelight:toast_topping
extradelight:peanut_butter_cup,extradelight,false,0,0.00,"minecraft:absorption,1200,0,1.00;farmersdelight:comfort,600,0,1.00",false,,,
extradelight:peanut_butter_fluid_bucket,extradelight,false,,,,,,,
extradelight:peanut_butter_jelly,extradelight,false,8,9.60,"farmersdelight:comfort,3600,0,1.00;farmersdelight:nourishment,3600,0,1.00",false,,,
extradelight:peanut_in_shell_sack,extradelight,false,,,,,,,c:storage_blocks;c:storage_blocks_peanuts_in_shell
extradelight:peanut_sack,extradelight,false,,,,,,,c:storage_blocks;c:storage_blocks_peanuts
extradelight:peanuts,extradelight,false,2,0.40,,false,,,brewery:seeds;c:animal_foods;c:crops;c:crops/peanut/shelled;c:nuts;c:seeds;extradelight:chocolate_bar_filling;farm_and_charm:crops;farm_and_charm:feeding_trough_food;farm_and_charm:seeds;minecraft:chicken_food;minecraft:parrot_food;minecraft:villager_plantable_seeds;sereneseasons:autumn_crops;sereneseasons:summer_crops
extradelight:peanuts_in_shell,extradelight,false,,,,,,,c:crops/peanut
endersdelight:pearl_pasta,endersdelight,false,4,3.20,"farmersdelight:nourishment,6000,0,1.00",false,,,
extradelight:peeled_ginger,extradelight,false,1,0.60,,false,,,
extradelight:penne,extradelight,false,,,,,,,
extradelight:penne_all_arrabbiata,extradelight,false,8,9.60,"farmersdelight:comfort,600,0,1.00;farmersdelight:nourishment,3600,0,1.00",false,,,create:upright_on_belt
extradelight:peppermint_bark,extradelight,false,2,0.40,"farmersdelight:comfort,600,0,1.00",false,,,
extradelight:pestle_amethyst,extradelight,false,,,,,,,c:pestles;c:tools
extradelight:pestle_andesite,extradelight,false,,,,,,,c:pestles;c:tools
extradelight:pestle_basalt,extradelight,false,,,,,,,c:pestles;c:tools
extradelight:pestle_blackstone,extradelight,false,,,,,,,c:pestles;c:tools
extradelight:pestle_deepslate,extradelight,false,,,,,,,c:pestles;c:tools
extradelight:pestle_diorite,extradelight,false,,,,,,,c:pestles;c:tools
extradelight:pestle_endstone,extradelight,false,,,,,,,c:pestles;c:tools
extradelight:pestle_gilded_blackstone,extradelight,false,,,,,,,c:pestles;c:tools
extradelight:pestle_granite,extradelight,false,,,,,,,c:pestles;c:tools
extradelight:pestle_stone,extradelight,false,,,,,,,c:pestles;c:tools
farm_and_charm:pet_bowl,farm_and_charm,false,,,,,,,
extradelight:pickle_juice,extradelight,true,,,,,,,c:pickle_juice;create:upright_on_belt
extradelight:pickle_juice_fluid_bucket,extradelight,false,,,,,,,
extradelight:pickled_beet_item,extradelight,false,5,6.00,"extradelight:pickled,6000,0,1.00",false,,,c:foods/pickled;c:foods/pickled/vegetables;c:foods/pickled/vegetables/beetroot
extradelight:pickled_beets_block_item,extradelight,false,,,,,,,
extradelight:pickled_carrot_item,extradelight,false,7,8.40,"extradelight:pickled,6000,0,1.00",false,,,c:foods/pickled;c:foods/pickled/vegetables;c:foods/pickled/vegetables/carrot
extradelight:pickled_carrots_block_item,extradelight,false,,,,,,,
extradelight:pickled_egg_item,extradelight,false,4,3.20,"extradelight:pickled,6000,1,1.00",false,,,c:foods/pickled;c:foods/pickled/egg
extradelight:pickled_eggs_block_item,extradelight,false,,,,,,,
extradelight:pickled_fish_block_item,extradelight,false,,,,,,,
extradelight:pickled_fish_item,extradelight,false,6,1.20,"extradelight:pickled,6000,1,1.00",false,,,c:foods/pickled;c:foods/pickled/meat;c:foods/pickled/meat/fish
extradelight:pickled_ginger,extradelight,false,1,0.20,"extradelight:pickled,6000,0,1.00",true,,,extradelight:riceball_filling
extradelight:pickled_ginger_block_item,extradelight,false,,,,,,,
extradelight:pickled_onion_item,extradelight,false,6,4.80,"extradelight:pickled,6000,0,1.00",false,,,c:foods/pickled;c:foods/pickled/vegetables;c:foods/pickled/vegetables/onion
extradelight:pickled_onions_block_item,extradelight,false,,,,,,,
brewinandchewin:pickled_pickles,brewinandchewin,false,4,2.40,,false,,,c:foods
extradelight:pickled_rind_item,extradelight,false,2,0.00,,false,,,
extradelight:pickled_rinds_block_item,extradelight,false,,,,,,,
extradelight:pickled_sausage_block_item,extradelight,false,,,,,,,
extradelight:pickled_sausage_item,extradelight,false,6,9.60,"extradelight:pickled,6000,1,1.00",false,,,c:foods/pickled;c:foods/pickled/meat;c:foods/pickled/meat/sausage
farmersdelight:pie_crust,farmersdelight,false,2,0.80,,false,,,c:foods;create:upright_on_belt
extradelight:pie_dish,extradelight,false,,,,,,,extradelight:baking_trays
farmersdelight:pink_canvas_sign,farmersdelight,false,,,,,,,farmersdelight:canvas_signs;minecraft:signs
extradelight:pink_chocolate_box,extradelight,false,,,,,,,c:dyed;c:dyed/pink
farmersdelight:pink_hanging_canvas_sign,farmersdelight,false,,,,,,,farmersdelight:hanging_canvas_signs;minecraft:hanging_signs
extradelight:pink_picnic_basket,extradelight,false,,,,,,,
farm_and_charm:pitchfork,farm_and_charm,false,,,,,,,
brewinandchewin:pizza,brewinandchewin,false,,,,,,,c:foods;c:foods/edible_when_placed
brewinandchewin:pizza_slice,brewinandchewin,false,5,10.00,,false,,,c:foods
farm_and_charm:plow,farm_and_charm,false,,,,,,,
extradelight:popcorn,extradelight,false,2,2.40,,false,,,c:foods/popcorn;c:popcorn;extradelight:corn_dim_confiscate;salt:can_be_salted
extradelight:pork_and_apples,extradelight,false,9,7.20,"farmersdelight:comfort,3600,0,1.00;farmersdelight:nourishment,3600,0,1.00",false,,,create:upright_on_belt;salt:can_be_salted
extradelight:pork_and_apples_feast,extradelight,false,,,,,,,
brewery:pork_knuckle,brewery,false,6,7.20,"brewery:stoutheart,2000,0,1.00",true,,,c:cooked_pork;farm_and_charm:cooked_pork
extradelight:pork_stew,extradelight,false,7,11.20,"farmersdelight:comfort,3600,0,1.00",false,,,create:upright_on_belt;salt:can_be_salted;toughasnails:heating_consumed_items
extradelight:pork_stew_feast,extradelight,false,,,,,,,
extradelight:pork_stew_rice,extradelight,false,13,20.80,"farmersdelight:comfort,6000,0,1.00",false,,,create:upright_on_belt;salt:can_be_salted;toughasnails:heating_consumed_items
extradelight:pork_tenderloin,extradelight,false,10,12.00,"farmersdelight:comfort,3600,0,1.00",false,,,salt:can_be_salted
extradelight:pork_tenderloin_sandwich,extradelight,false,15,18.00,"farmersdelight:comfort,3600,0,1.00",false,,,salt:can_be_salted
extradelight:pot_roast_block_item,extradelight,false,,,,,,,
extradelight:potato_au_gratin,extradelight,false,4,4.80,"farmersdelight:comfort,3600,0,1.00;farmersdelight:nourishment,3600,0,1.00",false,,,create:upright_on_belt;salt:can_be_salted
extradelight:potato_au_gratin_feast,extradelight,false,,,,,,,
farm_and_charm:potato_bag,farm_and_charm,false,,,,,,,
extradelight:potato_chips,extradelight,false,6,7.20,,false,,,salt:can_be_salted
farmersdelight:potato_crate,farmersdelight,false,,,,,,,c:storage_blocks;c:storage_blocks/potato
brewery:potato_salad,brewery,false,6,8.40,"brewery:stoutheart,6000,0,1.00",true,,,
extradelight:potato_salad,extradelight,false,3,2.40,"farmersdelight:nourishment,600,0,1.00",false,,,create:upright_on_belt;salt:can_be_salted
extradelight:potato_soup,extradelight,false,7,9.80,"farmersdelight:comfort,6000,0,1.00",false,,,c:foods;c:foods/soup;create:upright_on_belt;salt:can_be_salted;toughasnails:heating_consumed_items
farm_and_charm:potato_soup,farm_and_charm,false,5,0.60,"farm_and_charm:rested,2400,0,1.00",true,,,c:foods;c:foods/soup;create:upright_on_belt
extradelight:potato_sticks,extradelight,false,1,0.60,,false,,,c:food/starch;c:miso_soup_ingredients;c:potato/sticks;extradelight:processed/potato;extradelight:processed/produce;extradelight:processed/vegetable
farm_and_charm:potato_with_roast_meat,farm_and_charm,false,7,0.70,"farm_and_charm:sustenance,3600,0,1.00",false,,,c:cooked_beef;c:foods;c:foods/cooked_meat;farm_and_charm:cooked_beef;origins:meat
extradelight:potroast,extradelight,false,6,9.60,"farmersdelight:comfort,3600,0,1.00;farmersdelight:nourishment,3600,0,1.00",false,,,create:upright_on_belt;salt:can_be_salted
extradelight:preserved_lemon_item,extradelight,false,2,0.80,"extradelight:sunshine,6000,2,1.00",false,,,
extradelight:preserved_lemon_pasta,extradelight,false,11,13.20,"extradelight:sunshine,6000,3,1.00;farmersdelight:nourishment,3600,0,0.00",false,,,create:upright_on_belt
extradelight:preserved_lemons_block_item,extradelight,false,,,,,,,
brewery:pretzel,brewery,false,3,2.40,"brewery:stoutheart,2000,0,1.00",true,,,
extradelight:pulled_pork_block_item,extradelight,false,,,,,,,
extradelight:pulled_pork_sandwich,extradelight,false,15,24.00,"farmersdelight:nourishment,3600,0,1.00",false,,,salt:can_be_salted
extradelight:pumpkin_cheesecake,extradelight,false,,,,,,,create:upright_on_belt
extradelight:pumpkin_cheesecake_slice,extradelight,false,3,1.80,"minecraft:speed,600,0,1.00",false,,,
extradelight:pumpkin_cookie,extradelight,false,2,0.40,,false,,,c:foods;c:foods/cookie
extradelight:pumpkin_cookie_block_item,extradelight,false,,,,,,,
extradelight:pumpkin_cookie_dough,extradelight,false,1,0.20,,false,,,c:cookie_dough;c:cookie_dough/pumpkin
extradelight:pumpkin_custard,extradelight,false,7,8.40,,true,,,c:foods/custard
extradelight:pumpkin_ice_cream,extradelight,false,6,7.20,,true,,,c:ice_cream;create:upright_on_belt;toughasnails:cooling_consumed_items
extradelight:pumpkin_milkshake,extradelight,true,,,,,,,create:upright_on_belt;toughasnails:drinks;toughasnails:thirst/2_thirst_drinks
extradelight:pumpkin_pie_item,extradelight,false,,,,,,,create:upright_on_belt
extradelight:pumpkin_pie_slice,extradelight,false,3,1.80,"minecraft:speed,600,0,1.00",false,,,
farmersdelight:pumpkin_pie_slice,farmersdelight,false,3,1.80,"minecraft:speed,600,0,1.00",false,,,c:foods;c:foods/pie;farmersdelight:sweets
extradelight:pumpkin_roll,extradelight,false,3,1.80,"minecraft:speed,600,0,1.00",false,,,
extradelight:pumpkin_roll_feast,extradelight,false,,,,,,,
farmersdelight:pumpkin_slice,farmersdelight,false,3,1.80,,false,2,1,c:foods;createaddition:plant_foods
farmersdelight:pumpkin_soup,farmersdelight,false,14,21.00,"farmersdelight:nourishment,6000,0,1.00",false,4,5,c:foods;c:foods/soup;create:upright_on_belt;farmersdelight:meals
extradelight:punch,extradelight,true,,,,,,,create:upright_on_belt;toughasnails:drinks;toughasnails:thirst/6_thirst_drinks
extradelight:punch_feast,extradelight,false,,,,,,,
farmersdelight:purple_canvas_sign,farmersdelight,false,,,,,,,farmersdelight:canvas_signs;minecraft:signs
extradelight:purple_chocolate_box,extradelight,false,,,,,,,c:dyed;c:dyed/purple
farmersdelight:purple_hanging_canvas_sign,farmersdelight,false,,,,,,,farmersdelight:hanging_canvas_signs;minecraft:hanging_signs
extradelight:purple_picnic_basket,extradelight,false,,,,,,,
brewinandchewin:quiche,brewinandchewin,false,,,,,,,c:foods;c:foods/edible_when_placed
extradelight:quiche,extradelight,false,,,,,,,create:upright_on_belt
brewinandchewin:quiche_slice,brewinandchewin,false,4,6.40,,false,,,
extradelight:quiche_slice,extradelight,false,4,6.40,,false,,,salt:can_be_salted
extradelight:rabbit_stew_feast,extradelight,false,,,,,,,
extradelight:rabbit_stew_rice,extradelight,false,16,19.20,"farmersdelight:comfort,6000,0,1.00",false,,,create:upright_on_belt;salt:can_be_salted;toughasnails:heating_consumed_items
extradelight:rack_lamb,extradelight,false,7,11.20,"farmersdelight:comfort,3600,0,1.00",false,,,create:upright_on_belt;salt:can_be_salted
extradelight:rack_lamb_block_item,extradelight,false,,,,,,,
farmersdelight:ratatouille,farmersdelight,false,10,12.00,"farmersdelight:nourishment,1200,0,1.00",false,,,c:foods;create:upright_on_belt;farmersdelight:meals
extradelight:raw_baked_alaska_item,extradelight,false,,,,,,,create:upright_on_belt
extradelight:raw_cinnamon,extradelight,false,,,,,,,
extradelight:raw_cinnamon_block,extradelight,false,,,,,,,c:storage_blocks;c:storage_blocks_raw_cinnamon
extradelight:raw_gingerbread_alex,extradelight,false,1,0.20,,false,,,
extradelight:raw_gingerbread_creeper,extradelight,false,1,0.20,,false,,,
extradelight:raw_gingerbread_diamond,extradelight,false,1,0.20,,false,,,
extradelight:raw_gingerbread_emerald,extradelight,false,1,0.20,,false,,,
extradelight:raw_gingerbread_pickaxe,extradelight,false,1,0.20,,false,,,
extradelight:raw_gingerbread_steve,extradelight,false,1,0.20,,false,,,
extradelight:raw_gingerbread_sword,extradelight,false,1,0.20,,false,,,
extradelight:raw_gingerbread_villager,extradelight,false,1,0.20,,false,,,
farm_and_charm:raw_pasta,farm_and_charm,false,2,0.40,,false,,,c:pasta;farm_and_charm:pasta
farmersdelight:raw_pasta,farmersdelight,false,2,1.20,"minecraft:hunger,600,0,0.30",false,,,c:foods;c:foods/food_poisoning;c:foods/pasta;c:pasta;farm_and_charm:pasta
extradelight:raw_sugar_cookie_alex,extradelight,false,1,0.20,,false,,,
extradelight:raw_sugar_cookie_creeper,extradelight,false,1,0.20,,false,,,
extradelight:raw_sugar_cookie_diamond,extradelight,false,1,0.20,,false,,,
extradelight:raw_sugar_cookie_emerald,extradelight,false,1,0.20,,false,,,
extradelight:raw_sugar_cookie_pickaxe,extradelight,false,1,0.20,,false,,,
extradelight:raw_sugar_cookie_steve,extradelight,false,1,0.20,,false,,,
extradelight:raw_sugar_cookie_sword,extradelight,false,1,0.20,,false,,,
extradelight:raw_sugar_cookie_villager,extradelight,false,1,0.20,,false,,,
farmersdelight:red_canvas_sign,farmersdelight,false,,,,,,,farmersdelight:canvas_signs;minecraft:signs
extradelight:red_chocolate_box,extradelight,false,,,,,,,c:dyed;c:dyed/red
farmersdelight:red_hanging_canvas_sign,farmersdelight,false,,,,,,,farmersdelight:hanging_canvas_signs;minecraft:hanging_signs
farmersdelight:red_mushroom_colony,farmersdelight,false,,,,,,,createaddition:plants;farmersdelight:mushroom_colonies
extradelight:red_mushroom_crate,extradelight,false,,,,,,,c:storage_blocks;c:storage_blocks_red_mushroom
extradelight:red_picnic_basket,extradelight,false,,,,,,,
brewinandchewin:red_rum,brewinandchewin,true,0,0.00,"brewinandchewin:tipsy,2400,2,1.00;brewinandchewin:intoxication,1800,0,1.00;brewinandchewin:raging,2400,0,1.00",true,14,22,brewinandchewin:fermented_drinks;origins:ignore_diet
extradelight:ribbon_bow_black,extradelight,false,,,,,,,c:dyed;c:dyed/black;c:ribbon
extradelight:ribbon_bow_blue,extradelight,false,,,,,,,c:dyed;c:dyed/blue;c:ribbon
extradelight:ribbon_bow_brown,extradelight,false,,,,,,,c:dyed;c:dyed/brown;c:ribbon
extradelight:ribbon_bow_cyan,extradelight,false,,,,,,,c:dyed;c:dyed/cyan;c:ribbon
extradelight:ribbon_bow_gray,extradelight,false,,,,,,,c:dyed;c:dyed/gray;c:ribbon
extradelight:ribbon_bow_green,extradelight,false,,,,,,,c:dyed;c:dyed/green;c:ribbon
extradelight:ribbon_bow_light_blue,extradelight,false,,,,,,,c:dyed;c:dyed/light_blue;c:ribbon
extradelight:ribbon_bow_light_gray,extradelight,false,,,,,,,c:dyed;c:dyed/light_gray;c:ribbon
extradelight:ribbon_bow_lime,extradelight,false,,,,,,,c:dyed;c:dyed/lime;c:ribbon
extradelight:ribbon_bow_magenta,extradelight,false,,,,,,,c:dyed;c:dyed/magenta;c:ribbon
extradelight:ribbon_bow_orange,extradelight,false,,,,,,,c:dyed;c:dyed/orange;c:ribbon
extradelight:ribbon_bow_pink,extradelight,false,,,,,,,c:dyed;c:dyed/pink;c:ribbon
extradelight:ribbon_bow_purple,extradelight,false,,,,,,,c:dyed;c:dyed/purple;c:ribbon
extradelight:ribbon_bow_red,extradelight,false,,,,,,,c:dyed;c:dyed/red;c:ribbon
extradelight:ribbon_bow_white,extradelight,false,,,,,,,c:dyed;c:dyed/white;c:ribbon
extradelight:ribbon_bow_yellow,extradelight,false,,,,,,,c:dyed;c:dyed/yellow;c:ribbon
farm_and_charm:ribwort_tea,farm_and_charm,true,1,2.00,"minecraft:regeneration,120,0,1.00",true,,,create:upright_on_belt
farm_and_charm:ribwort_tea_cup,farm_and_charm,true,1,0.10,"minecraft:regeneration,60,0,1.00",true,,,create:upright_on_belt
farmersdelight:rice,farmersdelight,false,,,,,,,brewery:seeds;c:animal_foods;c:crops;c:crops/grain;c:crops/rice;c:food/starch;c:seeds;farm_and_charm:crops;farm_and_charm:seeds;minecraft:chicken_food;minecraft:parrot_food;sereneseasons:autumn_crops;sereneseasons:summer_crops
farmersdelight:rice_bag,farmersdelight,false,,,,,,,c:storage_blocks;c:storage_blocks/rice
farmersdelight:rice_bale,farmersdelight,false,,,,,,,c:storage_blocks;c:storage_blocks/rice_panicle
farmersdelight:rice_panicle,farmersdelight,false,,,,,,,createaddition:plant_foods
extradelight:rice_pudding,extradelight,false,7,8.40,"minecraft:glowing,100,0,1.00",true,,,
farmersdelight:rice_roll_medley_block,farmersdelight,false,,,,,,,c:foods;c:foods/edible_when_placed;create:upright_on_belt;farmersdelight:feasts
brewinandchewin:rice_wine,brewinandchewin,true,0,0.00,"brewinandchewin:tipsy,2400,0,1.00;brewinandchewin:intoxication,1800,0,1.00;farmersdelight:nourishment,1200,0,1.00",true,10,14,brewinandchewin:fermented_drinks;origins:ignore_diet
extradelight:riceball,extradelight,false,7,5.60,"minecraft:dolphins_grace,600,0,1.00",false,,,salt:can_be_salted
extradelight:riceball_filled,extradelight,false,11,8.80,"minecraft:dolphins_grace,600,0,1.00;farmersdelight:comfort,600,0,1.00",false,,,salt:can_be_salted
farmersdelight:rich_soil,farmersdelight,false,,,,,,,
farmersdelight:rich_soil_farmland,farmersdelight,false,,,,,,,
farmersdelight:roast_chicken,farmersdelight,false,14,21.00,"farmersdelight:nourishment,6000,0,1.00",false,,,c:foods;create:upright_on_belt;farmersdelight:meals
farmersdelight:roast_chicken_block,farmersdelight,false,,,,,,,c:foods;c:foods/edible_when_placed;create:upright_on_belt;farmersdelight:feasts
extradelight:roasted_apple,extradelight,false,8,4.80,,false,,,
extradelight:roasted_carrot,extradelight,false,5,6.00,,false,,,salt:can_be_salted
farm_and_charm:roasted_chicken,farm_and_charm,false,5,0.80,"farm_and_charm:satiation,4800,0,1.00",false,,,c:cooked_chicken;c:foods;c:foods/cooked_meat;farm_and_charm:cooked_chicken;origins:meat
extradelight:roasted_cocoa_bean_sack,extradelight,false,,,,,,,c:storage_blocks;c:storage_blocks_roasted_cocoa_beans
extradelight:roasted_cocoa_beans,extradelight,false,2,0.40,,false,,,c:cocoa_beans/roasted
farm_and_charm:roasted_corn,farm_and_charm,false,5,0.50,"farm_and_charm:feast,3600,0,1.00",false,,,
extradelight:roasted_garlic,extradelight,false,2,1.20,,false,,,
extradelight:roasted_hazelnut_sack,extradelight,false,,,,,,,c:storage_blocks;c:storage_blocks_roasted_hazelnuts
extradelight:roasted_hazelnuts,extradelight,false,6,1.20,,false,,,c:crops/hazelnut/cooked;c:nuts/cooked;extradelight:chocolate_bar_filling
farmersdelight:roasted_mutton_chops,farmersdelight,false,14,21.00,"farmersdelight:nourishment,6000,0,1.00",false,,,c:foods;create:upright_on_belt;farmersdelight:meals
extradelight:roasted_peanut_sack,extradelight,false,,,,,,,c:storage_blocks;c:storage_blocks_roasted_peanuts
extradelight:roasted_peanuts,extradelight,false,6,1.20,,false,,,c:crops/peanut/cooked;c:nuts/cooked;extradelight:chocolate_bar_filling
extradelight:roasted_pumpkin_seeds,extradelight,false,1,0.20,,true,,,salt:can_be_salted
farm_and_charm:roaster,farm_and_charm,false,,,,,,,farm_and_charm:hangable
extradelight:rocky_road,extradelight,false,3,2.40,,false,,,
extradelight:roll,extradelight,false,1,1.20,,false,,,salt:can_be_salted
extradelight:rombosse,extradelight,false,9,10.80,"farmersdelight:comfort,3600,0,1.00",false,,,
herbalbrews:rooibos_leaf,herbalbrews,false,1,0.20,,true,,,
herbalbrews:rooibos_tea,herbalbrews,true,2,1.60,,true,,,
farm_and_charm:rope,farm_and_charm,false,,,,,,,c:ropes
farmersdelight:rope,farmersdelight,false,,,,,,,c:ropes
farmersdelight:rope_fence,farmersdelight,false,,,,,,,c:fences
farmersdelight:rope_fence_gate,farmersdelight,false,,,,,,,c:fence_gates
farm_and_charm:rotten_tomato,farm_and_charm,false,2,1.20,"minecraft:poison,100,0,0.60",false,,,
farmersdelight:rotten_tomato,farmersdelight,false,,,,,,,createaddition:plant_foods
brewinandchewin:saccharine_rum,brewinandchewin,true,0,0.00,"brewinandchewin:tipsy,3600,1,1.00;brewinandchewin:intoxication,2400,0,1.00;brewinandchewin:sweet_heart,3600,0,1.00",true,12,22,brewinandchewin:fermented_drinks;origins:ignore_diet
farmersdelight:safety_net,farmersdelight,false,,,,,,,
extradelight:salad,extradelight,false,3,3.60,"farmersdelight:nourishment,6000,0,1.00",false,,,create:upright_on_belt;salt:can_be_salted
extradelight:salad_block_item,extradelight,false,,,,,,,
extradelight:salami_item,extradelight,false,4,2.40,"farmersdelight:nourishment,3600,0,1.00",false,,,c:foods/salami
extradelight:salami_mix,extradelight,false,0,0.00,"minecraft:hunger,600,0,0.75",false,,,c:salami_mix
extradelight:salisbury_steak,extradelight,false,4,6.40,"farmersdelight:comfort,6000,0,1.00",false,,,create:upright_on_belt;salt:can_be_salted
extradelight:salisbury_steak_block_item,extradelight,false,,,,,,,
farmersdelight:salmon_roll,farmersdelight,false,7,8.40,,false,,,c:foods;farmersdelight:snacks
farmersdelight:salmon_slice,farmersdelight,false,1,0.20,,false,,,c:animal_foods;c:foods;c:foods/raw_fish;c:foods/raw_salmon;c:foods/safe_raw_fish;c:miso_soup_ingredients;minecraft:cat_food;origins:meat
extradelight:salt,extradelight,false,,,,,,,c:dusts/salt;c:salt
extradelight:salt_block_item,extradelight,false,,,,,,,c:storage_blocks;c:storage_blocks_salt
brewinandchewin:salty_folly,brewinandchewin,true,0,0.00,"brewinandchewin:tipsy,3600,1,1.00;brewinandchewin:intoxication,3000,0,1.00;minecraft:water_breathing,1800,0,1.00",true,12,22,brewinandchewin:fermented_drinks;origins:ignore_diet
farmersdelight:sandy_shrub,farmersdelight,false,,,,,,,createaddition:plants
extradelight:sauerkraut_and_sausage,extradelight,false,9,14.40,"extradelight:pickled,6000,2,1.00;farmersdelight:comfort,600,0,1.00;farmersdelight:nourishment,600,0,1.00",false,,,create:upright_on_belt
extradelight:sauerkraut_item,extradelight,false,4,3.20,"extradelight:pickled,6000,0,1.00",false,,,c:sauerkraut;create:upright_on_belt
extradelight:sauerkraut_soup,extradelight,false,6,8.40,"extradelight:pickled,6000,2,1.00;farmersdelight:comfort,3600,0,1.00",false,,,create:upright_on_belt
brewery:sausage,brewery,false,6,6.00,"brewery:stoutheart,6000,0,1.00",true,,,c:cooked_beef;farm_and_charm:cooked_beef
extradelight:sausage_roll,extradelight,false,11,17.60,,false,,,salt:can_be_salted
farm_and_charm:sausage_with_oat_patty,farm_and_charm,false,8,0.90,"farm_and_charm:sustenance,2400,0,1.00",true,,,origins:meat
farm_and_charm:scarecrow,farm_and_charm,false,,,,,,,create:upright_on_belt
brewinandchewin:scarlet_cheese_wedge,brewinandchewin,false,4,8.00,,false,,,brewinandchewin:foods/cheese_wedge;c:cheese;c:foods;extradelight:riceball_filling
brewinandchewin:scarlet_cheese_wheel,brewinandchewin,false,,,,,,,brewinandchewin:cheese_wheels/ripe;c:foods;c:foods/edible_when_placed
brewinandchewin:scarlet_pierogi,brewinandchewin,false,12,24.00,"farmersdelight:nourishment,8400,0,1.00",false,,,c:foods
extradelight:scotcharoo,extradelight,false,3,3.60,"farmersdelight:comfort,3600,0,1.00",false,,,
extradelight:scotcharoo_block,extradelight,false,,,,,,,
extradelight:scrambled_eggs,extradelight,false,4,3.20,,false,,,c:foods;c:foods/cooked_egg;create:upright_on_belt;extradelight:riceball_filling;salt:can_be_salted
oceansdelight:seagrass_salad,oceansdelight,false,2,1.60,,false,,,
extradelight:seaweed_crisps,extradelight,false,4,2.40,"minecraft:dolphins_grace,600,0,1.00",false,,,salt:can_be_salted
extradelight:seaweed_paste,extradelight,false,,,,,,,c:slime_balls
extradelight:seaweed_salad,extradelight,false,6,7.20,"minecraft:dolphins_grace,600,0,1.00",false,,,create:upright_on_belt;salt:can_be_salted
farm_and_charm:seeder,farm_and_charm,false,,,,,,,
extradelight:serving_pot,extradelight,false,,,,,,,
extradelight:sheet,extradelight,false,,,,,,,extradelight:baking_trays
farmersdelight:shepherds_pie,farmersdelight,false,14,21.00,"farmersdelight:nourishment,6000,0,1.00",false,,,c:foods;create:upright_on_belt;farmersdelight:meals
farmersdelight:shepherds_pie_block,farmersdelight,false,,,,,,,c:foods;c:foods/edible_when_placed;create:upright_on_belt;farmersdelight:feasts
extradelight:shirazi_salad,extradelight,false,6,4.80,"farmersdelight:nourishment,600,0,1.00",false,,,create:upright_on_belt
extradelight:shredded_cabbage_item,extradelight,false,2,1.60,,false,,,c:miso_soup_ingredients;extradelight:processed/cabbage;extradelight:processed/produce;extradelight:processed/vegetable
endersdelight:shulker_bowl,endersdelight,false,,,,,,,farmersdelight:serving_container
endersdelight:shulker_filet,endersdelight,false,1,0.20,"minecraft:nausea,200,0,1.00",false,,,brewinandchewin:foods/jerky_meat;c:animal_foods;c:foods;c:foods/food_poisoning;c:foods/raw_meat;endersdelight:shulker_loot;minecraft:meat;minecraft:wolf_food
endersdelight:shulker_mollusk,endersdelight,false,1,0.20,"minecraft:nausea,200,0,1.00",false,,,brewinandchewin:foods/jerky_meat;c:animal_foods;c:foods;c:foods/food_poisoning;c:foods/raw_meat;endersdelight:shulker_loot;minecraft:meat;minecraft:wolf_food
brewery:sideboard,brewery,false,,,,,,,
endersdelight:sight_fragments,endersdelight,false,,,,,,,endersdelight:enderman_sight
farm_and_charm:silo_copper,farm_and_charm,false,,,,,,,
farm_and_charm:silo_wood,farm_and_charm,false,,,,,,,
farm_and_charm:simple_tomato_soup,farm_and_charm,false,6,0.60,"farm_and_charm:rested,1800,0,1.00",true,,,c:foods;c:foods/soup;c:tomato_soups;create:upright_on_belt;farm_and_charm:tomato_soups
farmersdelight:skillet,farmersdelight,false,,,,,,,c:enchantables;minecraft:enchantable/durability;minecraft:enchantable/fire_aspect;minecraft:enchantable/sharp_weapon;minecraft:enchantable/sword;minecraft:enchantable/vanishing;minecraft:enchantable/weapon
extradelight:sliced_apple,extradelight,false,4,2.40,,false,,,c:apple/sliced;extradelight:chocolate_bar_filling;extradelight:processed/apple;extradelight:processed/fruit;extradelight:processed/produce;salt:can_be_salted
extradelight:sliced_beetroot_item,extradelight,false,1,1.20,,false,,,extradelight:processed/beetroot;extradelight:processed/produce;extradelight:processed/vegetable
extradelight:sliced_chili,extradelight,false,3,3.60,"minecraft:fire_resistance,600,0,1.00",false,,,extradelight:processed/chili;pizzadelight:sliced_ingredients
extradelight:sliced_cucumber_item,extradelight,false,2,1.20,,false,,,extradelight:processed/cucumber;extradelight:processed/produce;extradelight:processed/vegetable
extradelight:sliced_gherkin_item,extradelight,false,6,3.60,"extradelight:pickled,6000,0,1.00",false,,,c:foods/pickled/vegetables/cucumber/sliced;extradelight:processed/pickled/cucumber
extradelight:sliced_ginger,extradelight,false,1,0.60,,false,,,c:ginger/sliced;c:tea_ingredients;extradelight:processed/ginger
extradelight:sliced_grapefruit,extradelight,false,3,1.80,"extradelight:sour_pucker,600,0,0.50",false,,,extradelight:chocolate_bar_filling;extradelight:marmalade_ingredient;extradelight:processed/citrus;extradelight:processed/fruit;extradelight:processed/grapefruit;extradelight:processed/produce
extradelight:sliced_lemon,extradelight,false,2,0.80,"extradelight:sour_pucker,600,2,1.00",false,,,extradelight:chocolate_bar_filling;extradelight:marmalade_ingredient;extradelight:processed/citrus;extradelight:processed/fruit;extradelight:processed/lemon;extradelight:processed/produce
extradelight:sliced_lime,extradelight,false,1,0.40,"extradelight:sour_pucker,600,3,1.00",false,,,extradelight:chocolate_bar_filling;extradelight:marmalade_ingredient;extradelight:processed/citrus;extradelight:processed/fruit;extradelight:processed/lime;extradelight:processed/produce
extradelight:sliced_onion,extradelight,false,0,0.00,,false,,,c:miso_soup_ingredients;c:onion/sliced;extradelight:processed/onion;extradelight:processed/produce;extradelight:processed/vegetable;pizzadelight:ingredients/vegetables/onion_layer;pizzadelight:sliced_ingredients;salt:can_be_salted
extradelight:sliced_orange,extradelight,false,2,1.20,"extradelight:sour_pucker,600,1,0.50",false,,,extradelight:chocolate_bar_filling;extradelight:marmalade_ingredient;extradelight:processed/citrus;extradelight:processed/fruit;extradelight:processed/orange;extradelight:processed/produce
extradelight:sliced_potato,extradelight,false,1,0.60,,false,,,c:food/starch;c:miso_soup_ingredients;c:potato/sliced;extradelight:processed/potato;extradelight:processed/produce;extradelight:processed/vegetable
extradelight:sliced_tomato,extradelight,false,0,0.00,,false,,,c:tomato/sliced;extradelight:processed/produce;extradelight:processed/tomato;extradelight:processed/vegetable;pizzadelight:ingredients/vegetables/tomato_layer;pizzadelight:sliced_ingredients;salt:can_be_salted
farmersdelight:smoked_ham,farmersdelight,false,10,16.00,,false,,,c:animal_foods;c:foods;minecraft:meat;minecraft:wolf_food
extradelight:smore,extradelight,false,7,5.60,"farmersdelight:comfort,3600,0,1.00",false,,,
extradelight:soaked_soybeans_item,extradelight,false,5,1.00,,false,,,c:soybeans/soaked;create:upright_on_belt
extradelight:sos,extradelight,false,12,19.20,,false,,,salt:can_be_salted
extradelight:soy_glazed_salmon_block_item,extradelight,false,,,,,,,
extradelight:soy_glazed_salmon_item,extradelight,false,4,3.20,"farmersdelight:comfort,6000,0,1.00;farmersdelight:nourishment,3600,0,1.00",false,,,create:upright_on_belt
extradelight:soy_milk,extradelight,true,,,,,,,c:drinks;c:drinks/milk;c:milk/soy;c:milk/soymilk;c:soy_milks;create:upright_on_belt
extradelight:soy_sauce_item,extradelight,false,7,4.20,,false,,,c:condiments;c:condiments/soy_sauce;c:condiments/soysauce;c:soy_sauces;create:upright_on_belt
extradelight:soybean_pod,extradelight,false,,,,,,,c:animal_foods;minecraft:cow_food;minecraft:goat_food;minecraft:sheep_food
extradelight:soybean_sack_item,extradelight,false,,,,,,,c:storage_blocks;c:storage_blocks_soybeans
extradelight:soybeans,extradelight,false,,,,,,,brewery:seeds;c:animal_foods;c:crops;c:crops/soybean;c:seeds;farm_and_charm:crops;farm_and_charm:feeding_trough_food;farm_and_charm:seeds;minecraft:chicken_food;minecraft:cow_food;minecraft:goat_food;minecraft:parrot_food;minecraft:sheep_food;minecraft:villager_plantable_seeds;sereneseasons:autumn_crops;sereneseasons:spring_crops;sereneseasons:summer_crops
farmersdelight:spruce_cabinet,farmersdelight,false,,,,,,,farmersdelight:cabinets;farmersdelight:cabinets/wooden
extradelight:spruce_counter_cabinet,extradelight,false,,,,,,,
extradelight:spruce_dried_corn_fence,extradelight,false,,,,,,,
extradelight:spruce_food_display,extradelight,false,,,,,,,
extradelight:spruce_half_cabinet,extradelight,false,,,,,,,
extradelight:spruce_knife_block,extradelight,false,,,,,,,
extradelight:spruce_molded_black_wallpaper,extradelight,false,,,,,,,
extradelight:spruce_molded_blue_wallpaper,extradelight,false,,,,,,,
extradelight:spruce_molded_brown_wallpaper,extradelight,false,,,,,,,
extradelight:spruce_molded_cyan_wallpaper,extradelight,false,,,,,,,
extradelight:spruce_molded_gray_wallpaper,extradelight,false,,,,,,,
extradelight:spruce_molded_green_wallpaper,extradelight,false,,,,,,,
extradelight:spruce_molded_light_blue_wallpaper,extradelight,false,,,,,,,
extradelight:spruce_molded_light_gray_wallpaper,extradelight,false,,,,,,,
extradelight:spruce_molded_lime_wallpaper,extradelight,false,,,,,,,
extradelight:spruce_molded_magenta_wallpaper,extradelight,false,,,,,,,
extradelight:spruce_molded_orange_wallpaper,extradelight,false,,,,,,,
extradelight:spruce_molded_pink_wallpaper,extradelight,false,,,,,,,
extradelight:spruce_molded_purple_wallpaper,extradelight,false,,,,,,,
extradelight:spruce_molded_red_wallpaper,extradelight,false,,,,,,,
extradelight:spruce_molded_white_wallpaper,extradelight,false,,,,,,,
extradelight:spruce_molded_yellow_wallpaper,extradelight,false,,,,,,,
extradelight:spruce_sink,extradelight,false,,,,,,,
extradelight:spruce_spice_rack,extradelight,false,,,,,,,
extradelight:spruce_spice_rack_full,extradelight,false,,,,,,,
extradelight:spruce_step_stool,extradelight,false,,,,,,,
extradelight:spruce_wreath,extradelight,false,,,,,,,
extradelight:square_pan,extradelight,false,,,,,,,
farmersdelight:squid_ink_pasta,farmersdelight,false,14,21.00,"farmersdelight:nourishment,6000,0,1.00",false,,,c:foods;create:upright_on_belt;farmersdelight:meals
oceansdelight:squid_rings,oceansdelight,false,5,5.00,,false,,,
farm_and_charm:stable_floor,farm_and_charm,false,,,,,,,
farmersdelight:steak_and_potatoes,farmersdelight,false,12,19.20,"farmersdelight:nourishment,3600,0,1.00",false,,,c:foods;create:upright_on_belt;farmersdelight:meals
endersdelight:steak_fries,endersdelight,false,6,8.40,,false,,,
extradelight:steak_pickled_onion_pie_item,extradelight,false,,,,,,,create:upright_on_belt
extradelight:steak_pickled_onion_pie_slice,extradelight,false,4,6.40,"farmersdelight:comfort,6000,0,1.00;farmersdelight:nourishment,3600,0,1.00",false,,,
brewinandchewin:steel_toe_stout,brewinandchewin,true,0,0.00,"brewinandchewin:tipsy,2400,2,1.00;brewinandchewin:intoxication,1800,0,1.00;minecraft:resistance,1200,0,1.00",true,14,22,brewinandchewin:fermented_drinks;origins:ignore_diet
extradelight:stewed_apples,extradelight,false,6,7.20,"farmersdelight:comfort,600,0,1.00",false,,,create:upright_on_belt
extradelight:sticky_toffee_pudding_block,extradelight,false,,,,,,,
extradelight:sticky_toffee_pudding_slice,extradelight,false,3,3.60,"farmersdelight:comfort,3600,0,1.00",false,,,create:upright_on_belt
extradelight:stiff_peaks,extradelight,false,,,,,,,create:upright_on_belt
extradelight:stirfry,extradelight,false,13,20.80,"farmersdelight:nourishment,3600,0,1.00;farmersdelight:comfort,3600,0,1.00",false,,,create:upright_on_belt;salt:can_be_salted
extradelight:stirfry_block_item,extradelight,false,,,,,,,
extradelight:stone_spoon,extradelight,false,,,,,,,c:spoons;c:tools
farm_and_charm:stove,farm_and_charm,false,,,,,,,
farmersdelight:stove,farmersdelight,false,,,,,,,
herbalbrews:stove,herbalbrews,false,,,,,,,
endersdelight:strange_eclair,endersdelight,false,5,6.00,"minecraft:night_vision,600,0,1.00",false,,,
farmersdelight:straw,farmersdelight,false,,,,,,,
farmersdelight:straw_bale,farmersdelight,false,,,,,,,c:storage_blocks;c:storage_blocks/straw
farm_and_charm:straw_stable_floor,farm_and_charm,false,,,,,,,
farm_and_charm:strawberry,farm_and_charm,false,1,1.20,,false,,,c:crops;c:crops/strawberry;c:foods;c:foods/fruit;c:jammable;c:strawberries;c:strawberry;c:vegetables;farm_and_charm:crops;farm_and_charm:strawberry;farm_and_charm:vegetables
farm_and_charm:strawberry_bag,farm_and_charm,false,,,,,,,
farm_and_charm:strawberry_seeds,farm_and_charm,false,,,,,,,brewery:seeds;c:seeds;farm_and_charm:feeding_trough_food;farm_and_charm:seeds;minecraft:villager_plantable_seeds
farm_and_charm:strawberry_tea,farm_and_charm,true,1,2.00,"minecraft:haste,240,0,1.00",true,,,create:upright_on_belt
farm_and_charm:strawberry_tea_cup,farm_and_charm,true,1,0.10,"minecraft:haste,120,0,1.00",true,,,create:upright_on_belt
extradelight:stripped_cinnamon_log,extradelight,false,,,,,,,c:cinnamon_logs;minecraft:completes_find_tree_tutorial;minecraft:logs;minecraft:logs_that_burn
extradelight:stripped_fruit_log,extradelight,false,,,,,,,c:fruit_logs;minecraft:completes_find_tree_tutorial;minecraft:logs;minecraft:logs_that_burn
extradelight:stripped_fruit_wood,extradelight,false,,,,,,,c:fruit_logs;minecraft:completes_find_tree_tutorial;minecraft:logs;minecraft:logs_that_burn
extradelight:strippedcinnamon_wood,extradelight,false,,,,,,,c:cinnamon_logs;minecraft:completes_find_tree_tutorial;minecraft:logs;minecraft:logs_that_burn
brewinandchewin:strongroot_ale,brewinandchewin,true,0,0.00,"brewinandchewin:tipsy,2400,1,1.00;brewinandchewin:intoxication,1800,0,1.00;minecraft:resistance,600,0,1.00",true,12,22,brewinandchewin:fermented_drinks;origins:ignore_diet
extradelight:stuffed_apple,extradelight,false,4,4.80,"farmersdelight:comfort,3600,0,1.00",false,,,create:upright_on_belt
extradelight:stuffed_apple_ice_cream,extradelight,false,12,14.40,"farmersdelight:comfort,6000,0,1.00",false,,,create:upright_on_belt
extradelight:stuffed_apples_feast,extradelight,false,,,,,,,
extradelight:stuffed_cactus,extradelight,false,17,20.40,"farmersdelight:comfort,3600,0,1.00;farmersdelight:nourishment,600,0,1.00",false,,,salt:can_be_salted
farm_and_charm:stuffed_chicken,farm_and_charm,false,8,0.80,"farm_and_charm:feast,9600,0,1.00",false,,,c:cooked_chicken;c:foods;c:foods/cooked_meat;farm_and_charm:cooked_chicken;origins:meat
oceansdelight:stuffed_cod,oceansdelight,false,3,1.20,,false,,,
extradelight:stuffed_heart,extradelight,false,16,25.60,,false,,,salt:can_be_salted
extradelight:stuffed_mushrooms,extradelight,false,5,6.00,,false,,,salt:can_be_salted
farmersdelight:stuffed_potato,farmersdelight,false,10,14.00,,false,,,c:foods;farmersdelight:snacks
farmersdelight:stuffed_pumpkin,farmersdelight,false,14,21.00,"farmersdelight:nourishment,6000,0,1.00",false,,,c:foods;create:upright_on_belt;farmersdelight:meals
farmersdelight:stuffed_pumpkin_block,farmersdelight,false,,,,,,,c:foods;c:foods/edible_when_placed;create:upright_on_belt;farmersdelight:feasts
farm_and_charm:stuffed_rabbit,farm_and_charm,false,9,0.90,"farm_and_charm:feast,9600,0,1.00",false,,,origins:meat
endersdelight:stuffed_shulker,endersdelight,false,,,,,,,c:foods
endersdelight:stuffed_shulker_bowl,endersdelight,false,7,12.60,"minecraft:levitation,400,2,1.00;minecraft:resistance,1800,0,1.00;farmersdelight:nourishment,6000,0,1.00",false,,,
oceansdelight:stuffed_squid,oceansdelight,false,3,1.80,,false,,,
extradelight:stuffing,extradelight,false,5,7.00,"farmersdelight:comfort,600,0,1.00",false,,,create:upright_on_belt;salt:can_be_salted
extradelight:stuffing_feast,extradelight,false,,,,,,,
farm_and_charm:sturdy_ladder,farm_and_charm,false,,,,,,,
extradelight:sugar_cookie,extradelight,false,2,0.40,,false,,,c:foods;c:foods/cookie;c:foods/cookie/sugar
extradelight:sugar_cookie_alex,extradelight,false,2,0.40,,false,,,c:foods;c:foods/cookie;c:foods/cookie/sugar
extradelight:sugar_cookie_block_item,extradelight,false,,,,,,,
extradelight:sugar_cookie_creeper,extradelight,false,2,0.40,,false,,,c:foods;c:foods/cookie;c:foods/cookie/sugar
extradelight:sugar_cookie_diamond,extradelight,false,2,0.40,,false,,,c:foods;c:foods/cookie;c:foods/cookie/sugar
extradelight:sugar_cookie_dough,extradelight,false,1,0.20,,false,,,c:cookie_dough;c:cookie_dough/sugar
extradelight:sugar_cookie_emerald,extradelight,false,2,0.40,,false,,,c:foods;c:foods/cookie;c:foods/cookie/sugar
extradelight:sugar_cookie_pickaxe,extradelight,false,2,0.40,,false,,,c:foods;c:foods/cookie;c:foods/cookie/sugar
extradelight:sugar_cookie_steve,extradelight,false,2,0.40,,false,,,c:foods;c:foods/cookie;c:foods/cookie/sugar
extradelight:sugar_cookie_sword,extradelight,false,2,0.40,,false,,,c:foods;c:foods/cookie;c:foods/cookie/sugar
extradelight:sugar_cookie_villager,extradelight,false,2,0.40,,false,,,
extradelight:sugar_sack,extradelight,false,,,,,,,c:storage_blocks;c:storage_blocks_sugar
extradelight:sunflower_seeds,extradelight,false,1,0.20,,true,,,c:animal_foods;minecraft:chicken_food;minecraft:parrot_food;salt:can_be_salted
farm_and_charm:supply_cart,farm_and_charm,false,,,,,,,
farmersdelight:sweet_berry_cheesecake,farmersdelight,false,,,,,,,c:foods;c:foods/edible_when_placed;create:upright_on_belt;farmersdelight:pies
farmersdelight:sweet_berry_cheesecake_slice,farmersdelight,false,3,1.80,"minecraft:speed,600,0,1.00",false,,,c:foods;c:foods/pie;farmersdelight:sweets
farmersdelight:sweet_berry_cookie,farmersdelight,false,2,0.40,,false,,,c:foods;c:foods/cookie;farmersdelight:sweets
extradelight:sweet_berry_cookie_block_item,extradelight,false,,,,,,,
extradelight:sweet_berry_cookie_dough,extradelight,false,1,0.20,,false,,,c:cookie_dough;c:cookie_dough/sweet_berry
extradelight:sweet_berry_crate,extradelight,false,,,,,,,c:storage_blocks;c:storage_blocks_sweet_berries
extradelight:sweet_berry_custard,extradelight,false,7,8.40,,true,,,c:foods/custard
extradelight:sweet_berry_fluid_bucket,extradelight,false,,,,,,,
extradelight:sweet_berry_ice_cream,extradelight,false,6,7.20,,true,,,c:ice_cream;create:upright_on_belt;toughasnails:cooling_consumed_items
brewinandchewin:sweet_berry_jam,brewinandchewin,true,6,4.80,,false,,,c:foods
extradelight:sweet_berry_juice,extradelight,true,,,,,,,c:juice;create:upright_on_belt;toughasnails:drinks;toughasnails:thirst/6_thirst_drinks
extradelight:sweet_berry_milkshake,extradelight,true,,,,,,,create:upright_on_belt;toughasnails:drinks;toughasnails:thirst/2_thirst_drinks
extradelight:sweet_berry_pie,extradelight,false,,,,,,,create:upright_on_belt
extradelight:sweet_berry_pie_slice,extradelight,false,3,1.80,"minecraft:speed,600,0,1.00",false,,,
extradelight:sweet_berry_popsicle,extradelight,false,3,1.20,,true,,,toughasnails:cooling_consumed_items
brewery:table,brewery,false,,,,,,,
brewinandchewin:tankard,brewinandchewin,false,,,,,,,
extradelight:tap,extradelight,false,,,,,,,
extradelight:tarte_tatin,extradelight,false,,,,,,,
extradelight:tarte_tatin_in_pan,extradelight,false,,,,,,,
extradelight:tarte_tatin_slice,extradelight,false,5,6.00,"farmersdelight:comfort,600,0,1.00",false,,,
farmersdelight:tatami,farmersdelight,false,,,,,,,
extradelight:tea,extradelight,true,,,,,,,create:upright_on_belt;toughasnails:drinks;toughasnails:heating_consumed_items;toughasnails:thirst/4_thirst_drinks
herbalbrews:tea_blossom,herbalbrews,false,1,0.20,,true,,,
extradelight:tea_fluid_bucket,extradelight,false,,,,,,,
herbalbrews:tea_kettle,herbalbrews,false,,,,,,,
herbalbrews:tea_leaf_crate,herbalbrews,false,,,,,,,
oceansdelight:tentacle_on_a_stick,oceansdelight,false,3,1.80,,false,,,
oceansdelight:tentacles,oceansdelight,false,3,1.80,"minecraft:blindness,600,0,1.00",false,,,
extradelight:thai_melon_salad,extradelight,false,2,1.60,"farmersdelight:nourishment,3600,0,1.00",false,,,create:upright_on_belt
farm_and_charm:timber_well,farm_and_charm,false,,,,,,,
extradelight:toast,extradelight,false,1,1.20,,false,,,c:bread_slices;c:foods/bread_slice;c:toast;extradelight:toast_or_bread_slice
extradelight:toffee,extradelight,false,1,1.20,,false,,,c:toffee;extradelight:chocolate_bar_filling
farm_and_charm:tomato,farm_and_charm,false,4,2.40,,false,,,c:crops;c:crops/tomato;c:foods;c:foods/fruit;c:jammable;c:vegetables;extradelight:processed/produce;extradelight:processed/tomato;extradelight:processed/vegetable;farm_and_charm:crops;farm_and_charm:tomato;farm_and_charm:vegetables
farmersdelight:tomato,farmersdelight,false,1,0.60,,false,,,c:animal_foods;c:crops;c:crops/tomato;c:foods;c:foods/tomato;c:foods/vegetable;extradelight:processed/produce;extradelight:processed/tomato;extradelight:processed/vegetable;farm_and_charm:crops;farm_and_charm:tomato;minecraft:pig_food
farm_and_charm:tomato_bag,farm_and_charm,false,,,,,,,
farmersdelight:tomato_crate,farmersdelight,false,,,,,,,c:storage_blocks;c:storage_blocks/tomato
extradelight:tomato_juice,extradelight,true,,,,,,,c:juice;create:upright_on_belt;toughasnails:drinks;toughasnails:thirst/6_thirst_drinks
extradelight:tomato_juice_fluid_bucket,extradelight,false,,,,,,,
farmersdelight:tomato_sauce,farmersdelight,false,4,3.20,,false,4,5,c:foods;create:upright_on_belt
farm_and_charm:tomato_seeds,farm_and_charm,false,,,,,,,brewery:seeds;c:seeds;farm_and_charm:feeding_trough_food;farm_and_charm:seeds;minecraft:villager_plantable_seeds
farmersdelight:tomato_seeds,farmersdelight,false,,,,,,,brewery:seeds;c:animal_foods;c:seeds;farm_and_charm:feeding_trough_food;farm_and_charm:seeds;minecraft:chicken_food;minecraft:parrot_food;minecraft:villager_plantable_seeds;sereneseasons:summer_crops
extradelight:tomato_soup,extradelight,false,7,9.80,"farmersdelight:comfort,6000,0,1.00",false,,,c:foods;c:foods/soup;create:upright_on_belt;salt:can_be_salted;toughasnails:heating_consumed_items
farm_and_charm:tool_rack,farm_and_charm,false,,,,,,,
herbalbrews:top_hat,herbalbrews,false,,,,,,,
extradelight:trail_mix,extradelight,false,2,1.20,"farmersdelight:nourishment,600,0,1.00",false,,,c:trail_mix;extradelight:chocolate_bar_filling
farm_and_charm:trampled_packed_dirt,farm_and_charm,false,,,,,,,
farm_and_charm:trampled_stable_floor,farm_and_charm,false,,,,,,,
extradelight:tray,extradelight,false,,,,,,,extradelight:baking_trays
farmersdelight:tree_bark,farmersdelight,false,,,,,,,
endersdelight:twisted_cereal,endersdelight,false,4,4.00,"endersdelight:phasing,1800,0,1.00",false,,,
endersdelight:uncanny_cookies,endersdelight,false,5,6.00,"minecraft:nausea,600,0,1.00",false,,,c:foods;c:foods/cookie;c:foods/food_poisoning
brewinandchewin:unripe_flaxen_cheese_wheel,brewinandchewin,false,,,,,,,brewinandchewin:cheese_wheels/unripe
extradelight:unripe_salami_item,extradelight,false,0,0.00,"minecraft:hunger,600,0,0.75",false,,,
brewinandchewin:unripe_scarlet_cheese_wheel,brewinandchewin,false,,,,,,,brewinandchewin:cheese_wheels/unripe
extradelight:unshucked_corn,extradelight,false,,,,,,,
extradelight:vat,extradelight,false,,,,,,,
farmersdelight:vegetable_noodles,farmersdelight,false,14,21.00,"farmersdelight:nourishment,6000,0,1.00",false,,,c:foods;create:upright_on_belt;farmersdelight:meals
brewinandchewin:vegetable_omelet,brewinandchewin,false,12,19.20,"farmersdelight:nourishment,3600,0,1.00",false,,,c:foods
farmersdelight:vegetable_soup,farmersdelight,false,12,19.20,"farmersdelight:nourishment,3600,0,1.00",false,4,5,c:foods;c:foods/soup;create:upright_on_belt;farmersdelight:meals
endersdelight:veil_of_flames_risotto,endersdelight,false,7,12.60,"minecraft:fire_resistance,2400,0,1.00",false,,,
extradelight:vinegar,extradelight,false,,,,,,,c:vinegar;create:upright_on_belt
extradelight:vinegar_fluid_bucket,extradelight,false,,,,,,,
extradelight:vinegar_pot,extradelight,false,,,,,,,
brewinandchewin:vodka,brewinandchewin,true,0,0.00,"brewinandchewin:tipsy,3600,0,1.00;brewinandchewin:intoxication,3000,0,1.00",true,10,14,brewinandchewin:fermented_drinks;origins:ignore_diet
endersdelight:voidpepper,endersdelight,false,,,,,,,
brewery:wall_cabinet,brewery,false,,,,,,,
extradelight:wallpaper_black,extradelight,false,,,,,,,c:dyed;c:dyed/black
extradelight:wallpaper_blue,extradelight,false,,,,,,,c:dyed;c:dyed/blue
extradelight:wallpaper_brown,extradelight,false,,,,,,,c:dyed;c:dyed/brown
extradelight:wallpaper_cyan,extradelight,false,,,,,,,c:dyed;c:dyed/cyan
extradelight:wallpaper_gray,extradelight,false,,,,,,,c:dyed;c:dyed/gray
extradelight:wallpaper_green,extradelight,false,,,,,,,c:dyed;c:dyed/green
extradelight:wallpaper_light_blue,extradelight,false,,,,,,,c:dyed;c:dyed/light_blue
extradelight:wallpaper_light_gray,extradelight,false,,,,,,,c:dyed;c:dyed/light_gray
extradelight:wallpaper_lime,extradelight,false,,,,,,,c:dyed;c:dyed/lime
extradelight:wallpaper_magenta,extradelight,false,,,,,,,c:dyed;c:dyed/magenta
extradelight:wallpaper_orange,extradelight,false,,,,,,,c:dyed;c:dyed/orange
extradelight:wallpaper_pink,extradelight,false,,,,,,,c:dyed;c:dyed/pink
extradelight:wallpaper_purple,extradelight,false,,,,,,,c:dyed;c:dyed/purple
extradelight:wallpaper_red,extradelight,false,,,,,,,c:dyed;c:dyed/red
extradelight:wallpaper_white,extradelight,false,,,,,,,c:dyed;c:dyed/white
extradelight:wallpaper_yellow,extradelight,false,,,,,,,c:dyed;c:dyed/yellow
farmersdelight:warped_cabinet,farmersdelight,false,,,,,,,farmersdelight:cabinets;farmersdelight:cabinets/wooden
extradelight:warped_counter_cabinet,extradelight,false,,,,,,,
extradelight:warped_dried_corn_fence,extradelight,false,,,,,,,
extradelight:warped_food_display,extradelight,false,,,,,,,
extradelight:warped_half_cabinet,extradelight,false,,,,,,,
extradelight:warped_knife_block,extradelight,false,,,,,,,
extradelight:warped_molded_black_wallpaper,extradelight,false,,,,,,,
extradelight:warped_molded_blue_wallpaper,extradelight,false,,,,,,,
extradelight:warped_molded_brown_wallpaper,extradelight,false,,,,,,,
extradelight:warped_molded_cyan_wallpaper,extradelight,false,,,,,,,
extradelight:warped_molded_gray_wallpaper,extradelight,false,,,,,,,
extradelight:warped_molded_green_wallpaper,extradelight,false,,,,,,,
extradelight:warped_molded_light_blue_wallpaper,extradelight,false,,,,,,,
extradelight:warped_molded_light_gray_wallpaper,extradelight,false,,,,,,,
extradelight:warped_molded_lime_wallpaper,extradelight,false,,,,,,,
extradelight:warped_molded_magenta_wallpaper,extradelight,false,,,,,,,
extradelight:warped_molded_orange_wallpaper,extradelight,false,,,,,,,
extradelight:warped_molded_pink_wallpaper,extradelight,false,,,,,,,
extradelight:warped_molded_purple_wallpaper,extradelight,false,,,,,,,
extradelight:warped_molded_red_wallpaper,extradelight,false,,,,,,,
extradelight:warped_molded_white_wallpaper,extradelight,false,,,,,,,
extradelight:warped_molded_yellow_wallpaper,extradelight,false,,,,,,,
extradelight:warped_sink,extradelight,false,,,,,,,
extradelight:warped_spice_rack,extradelight,false,,,,,,,
extradelight:warped_spice_rack_full,extradelight,false,,,,,,,
extradelight:warped_step_stool,extradelight,false,,,,,,,
extradelight:warped_wreath,extradelight,false,,,,,,,
farm_and_charm:water_sprinkler,farm_and_charm,false,,,,,,,
farm_and_charm:water_trough,farm_and_charm,false,,,,,,,
farmersdelight:wheat_dough,farmersdelight,false,2,1.20,"minecraft:hunger,600,0,0.30",false,,,c:dough;c:foods;c:foods/dough;c:foods/dough/wheat;c:foods/food_poisoning;farm_and_charm:dough
extradelight:whipped_cream,extradelight,false,0,0.00,,true,,,c:whipped_cream;create:upright_on_belt;extradelight:chocolate_truffle_filling
extradelight:whipped_cream_fluid_bucket,extradelight,false,,,,,,,
extradelight:whisk,extradelight,false,,,,,,,
brewery:whiskey_ak,brewery,true,2,4.00,,false,,,brewery:small_bottle;vinery:large_bottle;vinery:small_bottle
brewery:whiskey_carrasconlabel,brewery,true,2,4.00,,false,,,brewery:small_bottle;vinery:large_bottle
brewery:whiskey_cristelwalker,brewery,true,2,4.00,,false,,,brewery:small_bottle;vinery:large_bottle;vinery:small_bottle
brewery:whiskey_highland_hearth,brewery,true,2,4.00,,false,,,brewery:small_bottle;vinery:large_bottle
brewery:whiskey_jamesons_malt,brewery,true,2,4.00,,false,,,brewery:small_bottle;vinery:large_bottle
brewery:whiskey_jojannik,brewery,true,2,4.00,,false,,,brewery:small_bottle;vinery:large_bottle
brewery:whiskey_lilitusinglemalt,brewery,true,2,4.00,,false,,,brewery:small_bottle;vinery:large_bottle
brewery:whiskey_maggoallan,brewery,true,2,4.00,,false,,,brewery:small_bottle;vinery:large_bottle
brewery:whiskey_smokey_reverie,brewery,true,2,4.00,,false,,,brewery:small_bottle;vinery:large_bottle
farmersdelight:white_canvas_sign,farmersdelight,false,,,,,,,farmersdelight:canvas_signs;minecraft:signs
extradelight:white_chili,extradelight,false,5,7.00,"farmersdelight:nourishment,6000,0,1.00;minecraft:fire_resistance,3600,0,1.00",false,,,create:upright_on_belt;salt:can_be_salted;toughasnails:heating_consumed_items
extradelight:white_chili_feast,extradelight,false,,,,,,,
extradelight:white_chocolate_bar,extradelight,false,4,0.80,"minecraft:absorption,1200,0,1.00;farmersdelight:comfort,600,0,1.00",false,,,c:chocolate/bar;c:chocolate/white/bar;extradelight:chocolate_box_valid;salt:can_be_salted
extradelight:white_chocolate_block,extradelight,false,,,,,,,c:block/chocolate;c:block/white_chocolate;c:storage_blocks;c:storage_blocks_white_chocolate_bar
extradelight:white_chocolate_box,extradelight,false,,,,,,,c:dyed;c:dyed/white
extradelight:white_chocolate_chips,extradelight,false,0,0.00,"minecraft:absorption,1200,0,1.00;farmersdelight:comfort,600,0,1.00",false,,,c:chocolate/chips;c:chocolate/white/chips;extradelight:chocolate_bar_filling
extradelight:white_chocolate_dipped_apple_slice,extradelight,false,4,2.40,"farmersdelight:comfort,600,0,1.00",true,,,
extradelight:white_chocolate_dipped_bacon,extradelight,false,2,1.20,"farmersdelight:comfort,600,0,1.00",true,,,
extradelight:white_chocolate_dipped_coffee_bean,extradelight,false,2,0.40,"farmersdelight:comfort,600,0,1.00;minecraft:speed,600,0,1.00",true,,,
extradelight:white_chocolate_dipped_glow_berry,extradelight,false,2,0.40,"farmersdelight:comfort,600,0,1.00;minecraft:glowing,1200,0,1.00",true,,,
extradelight:white_chocolate_dipped_graham_cracker,extradelight,false,2,1.60,"farmersdelight:comfort,600,0,1.00",true,,,
extradelight:white_chocolate_dipped_marshmallow,extradelight,false,1,0.80,"farmersdelight:comfort,600,0,1.00",true,,,
extradelight:white_chocolate_dipped_sweet_berry,extradelight,false,2,0.40,"farmersdelight:comfort,600,0,1.00",true,,,
extradelight:white_chocolate_door,extradelight,false,,,,,,,minecraft:doors
extradelight:white_chocolate_fence,extradelight,false,,,,,,,minecraft:fences
extradelight:white_chocolate_fence_gate,extradelight,false,,,,,,,minecraft:fence_gates
extradelight:white_chocolate_filled_bar,extradelight,false,6,1.20,"minecraft:absorption,1200,0,1.00;farmersdelight:comfort,3600,0,1.00",false,,,c:chocolate/bar/filled;c:chocolate/white/bar/filled;extradelight:chocolate_box_valid;salt:can_be_salted
extradelight:white_chocolate_fondue_block,extradelight,false,,,,,,,
extradelight:white_chocolate_pillar,extradelight,false,,,,,,,
extradelight:white_chocolate_slab,extradelight,false,,,,,,,minecraft:slabs
extradelight:white_chocolate_stairs,extradelight,false,,,,,,,minecraft:stairs
extradelight:white_chocolate_syrup_bottle,extradelight,false,4,0.80,"minecraft:absorption,1200,0,1.00;farmersdelight:comfort,600,0,1.00",false,,,c:liquid_chocolate;create:upright_on_belt
extradelight:white_chocolate_syrup_fluid_bucket,extradelight,false,,,,,,,
extradelight:white_chocolate_trapdoor,extradelight,false,,,,,,,minecraft:trapdoors
extradelight:white_chocolate_truffle,extradelight,false,0,0.00,"minecraft:absorption,1200,0,1.00;farmersdelight:comfort,600,0,1.00",false,,,c:chocolate/truffle;c:chocolate/white/truffle;extradelight:chocolate_box_valid;salt:can_be_salted
farmersdelight:white_hanging_canvas_sign,farmersdelight,false,,,,,,,farmersdelight:hanging_canvas_signs;minecraft:hanging_signs
extradelight:white_picnic_basket,extradelight,false,,,,,,,
farm_and_charm:wild_barley,farm_and_charm,false,,,,,,,c:animal_foods;minecraft:bee_food;minecraft:flowers;minecraft:small_flowers
farm_and_charm:wild_beetroots,farm_and_charm,false,,,,,,,c:animal_foods;minecraft:bee_food;minecraft:flowers;minecraft:small_flowers
farmersdelight:wild_beetroots,farmersdelight,false,,,,,,,c:animal_foods;farmersdelight:wild_crops;minecraft:bee_food;minecraft:flowers;minecraft:small_flowers
farmersdelight:wild_cabbages,farmersdelight,false,,,,,,,c:animal_foods;farmersdelight:wild_crops;minecraft:bee_food;minecraft:flowers;minecraft:small_flowers
farm_and_charm:wild_carrots,farm_and_charm,false,,,,,,,c:animal_foods;minecraft:bee_food;minecraft:flowers;minecraft:small_flowers
farmersdelight:wild_carrots,farmersdelight,false,,,,,,,c:animal_foods;farmersdelight:wild_crops;minecraft:bee_food;minecraft:flowers;minecraft:small_flowers
extradelight:wild_chili_block,extradelight,false,,,,,,,
herbalbrews:wild_coffee_plant,herbalbrews,false,,,,,,,
farm_and_charm:wild_corn,farm_and_charm,false,,,,,,,c:animal_foods;minecraft:bee_food;minecraft:flowers;minecraft:small_flowers
extradelight:wild_cucumber_item,extradelight,false,,,,,,,
farm_and_charm:wild_emmer,farm_and_charm,false,,,,,,,c:animal_foods;minecraft:bee_food;minecraft:flowers;minecraft:small_flowers
extradelight:wild_garlic_block,extradelight,false,,,,,,,
extradelight:wild_ginger,extradelight,false,,,,,,,
brewery:wild_hops,brewery,false,,,,,,,
farm_and_charm:wild_lettuce,farm_and_charm,false,,,,,,,c:animal_foods;minecraft:bee_food;minecraft:flowers;minecraft:small_flowers
extradelight:wild_mallow_root_block,extradelight,false,,,,,,,
farm_and_charm:wild_nettle,farm_and_charm,false,,,,,,,c:animal_foods;minecraft:bee_food;minecraft:flowers;minecraft:small_flowers
farm_and_charm:wild_oat,farm_and_charm,false,,,,,,,c:animal_foods;minecraft:bee_food;minecraft:flowers;minecraft:small_flowers
farm_and_charm:wild_onions,farm_and_charm,false,,,,,,,c:animal_foods;minecraft:bee_food;minecraft:flowers;minecraft:small_flowers
farmersdelight:wild_onions,farmersdelight,false,,,,,,,c:animal_foods;farmersdelight:wild_crops;minecraft:bee_food;minecraft:flowers;minecraft:small_flowers
extradelight:wild_peanut_block,extradelight,false,,,,,,,
farm_and_charm:wild_potatoes,farm_and_charm,false,,,,,,,c:animal_foods;minecraft:bee_food;minecraft:flowers;minecraft:small_flowers
farmersdelight:wild_potatoes,farmersdelight,false,,,,,,,c:animal_foods;farmersdelight:wild_crops;minecraft:bee_food;minecraft:flowers;minecraft:small_flowers
farm_and_charm:wild_ribwort,farm_and_charm,false,,,,,,,c:animal_foods;minecraft:bee_food;minecraft:flowers;minecraft:small_flowers
farmersdelight:wild_rice,farmersdelight,false,,,,,,,c:animal_foods;farmersdelight:wild_crops;minecraft:bee_food;minecraft:flowers;minecraft:tall_flowers
herbalbrews:wild_rooibos_plant,herbalbrews,false,,,,,,,
extradelight:wild_soybean_item,extradelight,false,,,,,,,
farm_and_charm:wild_strawberries,farm_and_charm,false,,,,,,,c:animal_foods;minecraft:bee_food;minecraft:flowers;minecraft:small_flowers
farm_and_charm:wild_tomatoes,farm_and_charm,false,,,,,,,c:animal_foods;minecraft:bee_food;minecraft:flowers;minecraft:small_flowers
farmersdelight:wild_tomatoes,farmersdelight,false,,,,,,,c:animal_foods;farmersdelight:wild_crops;minecraft:bee_food;minecraft:flowers;minecraft:small_flowers
herbalbrews:wild_yerba_mate_plant,herbalbrews,false,,,,,,,
farm_and_charm:window_sill,farm_and_charm,false,,,,,,,
herbalbrews:witch_hat,herbalbrews,false,,,,,,,
brewinandchewin:withering_dross,brewinandchewin,true,0,0.00,"brewinandchewin:tipsy,3600,2,1.00;brewinandchewin:intoxication,3000,0,1.00;minecraft:blindness,200,0,1.00;minecraft:weakness,3000,0,1.00;minecraft:slowness,3000,0,1.00;minecraft:wither,1200,0,1.00",true,,,brewinandchewin:fermented_drinks;origins:ignore_diet
farmersdelight:wooden_basket,farmersdelight,false,,,,,,,
brewery:wooden_brewingstation,brewery,false,,,,,,,
extradelight:wooden_spoon,extradelight,false,,,,,,,c:spoons;c:tools
extradelight:xocolati,extradelight,true,,,,,,,create:upright_on_belt;toughasnails:drinks;toughasnails:heating_consumed_items;toughasnails:thirst/5_thirst_drinks
extradelight:yeast,extradelight,false,,,,,,,create:upright_on_belt
farm_and_charm:yeast,farm_and_charm,false,,,,,,,
extradelight:yeast_pot,extradelight,false,,,,,,,
extradelight:yeast_spread,extradelight,false,2,1.20,"minecraft:hunger,600,0,0.05;minecraft:regeneration,600,0,1.00",false,,,c:yeast_spread;create:upright_on_belt;extradelight:toast_topping
farmersdelight:yellow_canvas_sign,farmersdelight,false,,,,,,,farmersdelight:canvas_signs;minecraft:signs
extradelight:yellow_chocolate_box,extradelight,false,,,,,,,c:dyed;c:dyed/yellow
farmersdelight:yellow_hanging_canvas_sign,farmersdelight,false,,,,,,,farmersdelight:hanging_canvas_signs;minecraft:hanging_signs
extradelight:yellow_picnic_basket,extradelight,false,,,,,,,
herbalbrews:yerba_mate_leaf,herbalbrews,false,1,0.20,,true,,,
herbalbrews:yerba_mate_tea,herbalbrews,true,2,1.60,,true,,,
extradelight:zupa_ogorkowa,extradelight,false,6,8.40,"extradelight:pickled,6000,3,1.00;farmersdelight:comfort,600,0,1.00",false,,,create:upright_on_belt
